hb_visit1_g_dl,gestation_visit1_weeks,maternal_age_years,pregnancy_count,height_cm,weight_visit1_kg,pulse_visit1_bpm,respiratory_rate_visit1,systolic_bp_visit1,diastolic_bp_visit1,target_hb_visit2_g_dl,gestation_visit2_weeks,_source_row,_original_risk_label
11.0,21.0,18,1,132.0,53.0,112.0,21.0,119.0,65.0,11.4,28.0,1,high
10.3,25.0,18,3,149.0,54.0,,103.0,104.0,68.0,11.4,31.0,2,high
10.3,25.0,24,1,142.0,54.0,,,104.0,68.0,11.4,34.0,3,high
8.6,20.0,18,3,159.0,48.0,99.0,,125.0,65.0,12.0,27.0,4,high
10.3,20.0,33,3,180.0,60.0,72.0,16.0,110.0,70.0,11.0,24.0,6,high
12.5,20.0,26,3,177.0,63.0,72.0,18.0,112.0,70.0,10.8,26.0,7,low
11.0,26.0,36,5,151.0,42.0,,,112.0,52.0,9.6,28.0,8,high
9.6,20.0,17,2,138.0,71.0,76.0,18.0,110.0,70.0,11.0,32.0,9,high
10.8,16.0,24,3,135.0,62.4,103.0,,105.0,58.0,10.3,24.0,10,high
11.0,20.0,32,6,158.0,65.0,72.0,18.0,100.0,60.0,10.5,23.0,11,high
12.0,14.0,22,2,150.0,72.0,72.0,16.0,100.0,60.0,10.3,28.0,14,low
12.2,17.0,19,1,134.0,67.0,72.0,18.0,100.0,65.0,11.0,24.0,17,low
11.3,26.0,23,2,159.0,59.0,74.0,18.0,115.0,70.0,12.3,28.0,18,high
14.2,16.0,26,3,160.0,71.0,70.0,19.0,115.0,60.0,11.6,20.0,23,low
12.7,21.0,28,3,154.0,47.8,70.0,18.0,123.0,69.0,12.2,32.0,24,low
10.6,28.0,37,3,152.0,82.0,78.0,16.0,110.0,60.0,11.6,32.0,30,high
8.8,30.0,35,3,174.0,44.0,78.0,16.0,99.0,58.0,9.8,34.0,32,high
11.2,19.0,36,2,160.0,49.0,74.0,18.0,100.0,60.0,11.0,26.0,34,high
8.1,1.0,34,2,150.0,47.0,74.0,16.0,116.0,60.0,9.2,29.0,35,high
11.7,30.0,35,6,160.0,50.0,74.0,16.0,106.0,65.0,11.0,32.0,38,high
7.0,34.0,41,1,174.0,58.0,76.0,16.0,109.0,55.0,8.2,42.0,41,high
12.6,24.0,18,1,165.0,52.0,87.0,18.0,116.0,64.0,12.5,28.0,76,low
12.5,20.0,20,2,167.0,58.3,90.0,18.0,116.0,61.0,12.5,30.0,83,low
14.0,12.0,22,2,166.0,53.0,74.0,16.0,99.0,60.0,14.0,20.0,92,low
11.3,20.0,23,2,152.0,64.0,72.0,18.0,100.0,70.0,10.5,28.0,97,high
12.3,20.0,19,2,161.0,43.0,76.0,18.0,100.0,60.0,11.0,26.0,101,low
8.0,7.0,36,3,162.0,63.0,,,111.0,76.0,12.0,12.0,103,high
9.7,26.0,23,1,152.0,61.0,74.0,16.0,115.0,60.0,10.9,28.0,107,high
10.8,26.0,41,7,162.0,54.0,74.0,16.0,100.0,60.0,11.0,35.0,108,high
12.3,12.0,34,8,165.0,53.0,74.0,16.0,,,8.2,28.0,109,high
12.0,22.0,26,1,175.0,46.0,74.0,16.0,115.0,69.0,13.0,26.0,115,low
12.1,14.0,30,3,168.0,61.0,,,107.0,68.0,10.5,18.0,116,high
9.9,26.0,24,2,156.0,55.0,72.0,20.0,105.0,68.0,9.9,28.0,125,high
11.9,14.0,23,1,164.0,46.0,70.0,17.0,123.0,78.0,11.8,20.0,126,high
8.2,28.0,28,2,164.0,87.0,76.0,16.0,102.0,55.0,11.3,32.0,127,high
11.4,9.0,32,2,167.0,84.0,76.0,16.0,119.0,80.0,13.0,19.0,133,high
11.5,17.0,21,2,174.0,62.0,76.0,16.0,124.0,74.0,12.4,20.0,134,high
12.5,14.0,26,2,159.0,54.0,70.0,18.0,123.0,78.0,12.8,19.0,139,low
11.7,20.0,35,1,139.0,106.0,74.0,16.0,106.0,70.0,10.5,24.0,143,high
11.6,24.0,28,3,152.0,48.0,76.0,20.0,113.0,74.0,11.8,28.0,145,high
11.4,19.0,25,2,152.0,38.0,70.0,20.0,117.0,67.0,11.7,23.0,152,high
13.2,15.0,33,3,151.0,54.0,72.0,18.0,110.0,80.0,10.0,28.0,153,high
9.6,24.0,20,2,158.0,60.0,70.0,20.0,123.0,69.0,11.7,34.0,154,high
8.3,18.0,30,5,168.0,47.0,80.0,18.0,105.0,61.0,10.2,20.0,159,high
11.7,23.0,40,5,155.0,60.0,70.0,19.0,113.0,73.0,11.2,27.0,162,high
11.0,28.0,25,4,163.1,68.5,67.0,16.0,119.0,59.0,10.6,36.0,167,high
14.4,11.0,19,1,160.0,54.0,90.0,20.0,120.0,70.0,12.2,25.0,178,low
14.9,25.0,22,3,133.0,59.0,80.0,17.0,124.0,74.0,11.2,28.0,179,low
13.2,11.0,23,2,150.0,59.0,70.0,19.0,120.0,70.0,11.2,28.0,180,low
9.8,20.0,19,3,177.0,46.0,101.0,23.0,108.0,61.0,10.1,24.0,185,high
10.0,22.0,43,3,161.0,52.0,88.0,19.0,100.0,84.0,10.1,26.0,187,high
9.5,20.0,25,2,131.0,50.0,87.0,20.0,115.0,66.0,9.8,24.0,188,high
12.1,11.0,28,1,163.0,49.0,88.0,21.0,139.0,88.0,10.6,16.0,189,low
9.3,20.0,25,2,159.0,48.0,100.0,19.0,129.0,78.0,7.8,26.0,190,high
10.0,24.0,30,3,173.0,62.0,100.0,20.0,129.0,84.0,10.0,33.0,193,high
8.7,16.0,20,1,179.0,50.0,86.0,18.0,102.0,71.0,9.4,22.0,194,high
13.2,37.0,27,2,72.0,72.0,90.0,20.0,130.0,70.0,14.2,40.0,202,low
15.8,14.0,25,2,141.0,75.0,80.0,17.0,118.0,67.0,11.2,17.0,204,high
11.0,18.0,19,3,166.0,57.0,72.0,20.0,100.0,60.0,11.0,24.0,205,high
12.5,28.0,26,3,165.0,58.0,70.0,17.0,130.0,70.0,12.2,32.0,207,low
8.2,28.0,31,5,160.0,52.0,74.0,16.0,100.0,60.0,12.0,37.0,208,high
10.5,20.0,27,4,147.0,47.0,74.0,16.0,110.0,70.0,10.8,24.0,221,high
6.2,28.0,34,2,174.0,92.0,74.0,16.0,110.0,60.0,10.5,32.0,222,high
7.0,23.0,27,4,158.0,50.0,72.0,20.0,123.0,78.0,8.5,27.0,229,high
11.1,21.0,23,2,159.0,64.0,75.0,18.0,110.0,75.0,10.0,27.0,232,high
12.4,7.0,27,2,164.0,66.0,74.0,18.0,110.0,56.0,8.5,21.0,234,low
10.5,29.0,26,2,162.0,61.0,75.0,18.0,110.0,60.0,11.5,36.0,235,high
11.3,26.0,25,2,165.0,56.0,69.0,19.0,123.0,78.0,11.5,30.0,240,high
12.6,15.0,24,2,152.0,46.0,,,91.0,47.0,10.5,18.0,244,high
10.4,20.0,30,6,152.0,54.0,90.0,18.0,113.0,73.0,11.2,28.0,251,high
11.2,28.0,17,2,160.0,54.0,70.0,19.0,110.0,60.0,11.9,32.0,252,high
11.2,33.0,17,1,141.0,54.9,70.0,20.0,102.0,51.0,13.3,40.0,254,high
10.1,21.0,41,8,171.0,70.0,76.0,16.0,110.0,68.0,8.8,28.0,262,high
11.8,15.0,41,4,163.0,50.0,80.0,18.0,100.0,80.0,11.8,24.0,264,high
10.7,30.0,32,3,170.0,81.0,74.0,18.0,109.0,61.0,10.7,32.0,270,high
6.5,21.0,20,2,150.0,62.0,74.0,26.0,120.0,60.0,8.8,24.0,271,high
6.8,24.0,42,5,158.0,60.0,78.0,16.0,109.0,62.0,7.4,28.0,272,high
14.1,20.0,32,3,175.0,90.0,82.0,16.0,113.0,70.0,14.0,24.0,283,low
7.6,26.0,33,1,146.0,68.0,76.0,18.0,108.0,60.0,9.9,28.0,298,high
12.2,29.0,23,2,158.0,52.0,68.0,18.0,115.0,60.0,11.9,32.0,307,low
11.0,8.0,20,2,160.0,52.0,80.0,20.0,124.0,65.0,11.4,12.0,323,high
12.0,21.0,26,2,140.0,61.0,72.0,18.0,103.0,65.0,10.0,24.0,329,low
10.5,20.0,28,1,137.0,58.0,82.0,20.0,110.0,60.0,9.8,24.0,331,high
11.6,20.0,34,5,163.0,63.0,68.0,18.0,109.0,72.0,11.0,32.0,332,high
11.6,24.0,25,5,156.0,56.5,90.0,18.0,119.0,65.0,10.3,28.0,333,high
8.8,23.0,24,3,159.0,53.0,76.0,18.0,115.0,60.0,9.5,28.0,334,high
11.2,26.0,16,1,134.0,50.0,76.0,17.0,110.0,70.0,12.2,31.0,335,high
8.1,21.0,26,2,158.0,52.0,69.0,18.0,118.0,68.0,7.2,27.0,336,high
10.0,20.0,24,1,177.0,47.0,81.0,19.0,112.0,73.0,9.3,24.0,347,high
10.5,21.0,40,7,159.0,63.0,70.0,17.0,123.0,77.0,10.8,28.0,352,high
12.2,12.0,35,7,156.0,50.0,72.0,19.0,114.0,70.0,12.3,20.0,358,high
10.4,19.0,23,3,163.0,42.0,74.0,16.0,110.0,60.0,11.0,25.0,362,high
11.0,6.0,19,2,152.0,45.0,110.0,,120.0,71.0,9.8,30.0,366,high
9.2,18.0,18,3,135.0,52.0,74.0,18.0,118.0,79.0,10.5,23.0,368,high
10.2,21.0,17,2,143.0,57.0,72.0,19.0,119.0,70.0,10.4,25.0,369,high
8.3,31.0,32,3,158.0,68.0,72.0,18.0,110.0,60.0,8.3,35.0,370,high
10.2,26.0,25,2,165.0,45.0,99.0,,99.0,77.0,10.0,32.0,371,high
12.2,28.0,30,1,148.0,61.0,84.0,,120.0,71.0,14.1,32.0,372,low
10.6,24.0,26,2,131.0,68.0,100.0,21.0,128.0,81.0,10.4,31.0,373,high
11.1,12.0,24,3,170.0,68.0,74.0,18.0,110.0,60.0,11.0,36.0,376,high
12.3,24.0,22,2,160.0,51.0,80.0,18.0,110.0,60.0,12.5,28.0,379,low
8.4,20.0,18,3,148.0,48.0,99.0,18.0,107.0,61.0,8.3,35.0,380,high
9.5,14.0,18,1,158.0,64.0,78.0,18.0,113.0,64.0,10.5,20.0,384,high
8.7,18.0,25,3,167.0,55.0,82.0,20.0,110.0,60.0,11.3,22.0,386,high
11.7,12.0,36,4,158.0,68.3,,,108.0,67.0,9.4,22.0,388,high
12.7,15.0,21,2,159.0,52.0,80.0,20.0,110.0,60.0,11.5,31.0,389,low
10.1,24.0,28,3,174.0,65.0,95.0,,120.0,70.0,10.3,31.0,393,high
11.9,22.0,27,3,180.0,67.6,101.0,,139.0,79.0,11.2,30.0,395,high
8.2,23.0,39,7,156.0,46.7,76.0,18.0,110.0,70.0,9.6,28.0,399,high
11.4,20.0,24,1,154.0,45.0,88.0,21.0,99.0,55.0,11.2,24.0,422,high
12.4,16.0,41,2,155.0,63.0,113.0,21.0,105.0,78.0,10.1,32.0,423,low
9.4,8.0,31,2,172.0,49.0,100.0,19.0,101.0,63.0,11.1,24.0,427,high
10.2,24.0,17,2,154.0,53.0,100.0,19.0,119.0,65.0,10.6,33.0,430,high
14.0,19.0,24,4,161.0,54.0,78.0,18.0,110.0,60.0,13.0,24.0,431,low
9.0,20.0,17,3,140.0,48.0,111.0,22.0,110.0,56.0,8.7,33.0,432,high
13.9,34.0,20,1,154.0,45.0,75.0,19.0,113.0,74.0,12.9,38.0,434,low
12.0,9.0,20,1,169.0,49.0,88.0,,139.0,79.0,10.3,22.0,435,low
8.7,28.0,29,2,159.0,80.0,123.0,,112.0,70.0,10.7,32.0,436,high
11.7,20.0,20,3,160.0,65.0,74.0,18.0,100.0,60.0,11.0,37.0,439,high
10.2,16.0,38,3,159.0,70.0,103.0,18.0,122.0,67.0,11.1,20.0,440,high
9.8,12.0,32,3,132.0,57.0,119.0,,144.0,90.0,10.8,36.0,443,high
12.7,13.0,34,3,158.0,55.0,70.0,17.0,114.0,70.0,13.0,17.0,444,low
11.2,20.0,25,3,168.0,45.0,123.0,23.0,116.0,63.0,11.3,34.0,445,high
10.7,20.0,28,2,160.0,67.0,72.0,16.0,110.0,70.0,10.3,25.0,446,high
11.3,17.0,25,4,157.0,48.0,70.0,19.0,123.0,69.0,11.4,21.0,449,high
10.5,24.0,23,3,156.0,54.0,102.0,23.0,118.0,51.0,10.1,37.0,453,high
8.0,34.0,38,7,165.0,62.0,78.0,16.0,91.0,55.0,10.4,36.0,454,high
15.5,20.0,24,1,142.0,57.0,70.0,18.0,105.0,68.0,13.5,24.0,456,low
9.4,22.0,38,4,158.0,52.0,74.0,18.0,100.0,60.0,12.3,26.0,457,high
10.8,22.0,20,2,150.0,43.0,72.0,18.0,90.0,60.0,12.3,26.0,461,high
9.5,20.0,29,3,160.0,59.0,74.0,16.0,121.0,60.0,10.5,24.0,464,high
9.2,20.0,21,2,153.0,46.0,82.0,16.0,115.0,60.0,9.3,37.0,474,high
9.3,20.0,11,4,152.0,57.6,96.0,20.0,,,8.9,28.0,475,high
12.2,12.0,27,1,148.0,61.0,69.0,16.0,91.0,60.0,8.5,20.0,478,low
7.5,28.0,33,7,165.0,60.0,76.0,18.0,120.0,70.0,11.0,32.0,485,high
12.3,10.0,40,2,157.0,62.0,72.0,16.0,111.0,60.0,11.0,28.0,487,low
9.3,22.0,36,7,158.0,53.0,70.0,18.0,90.0,60.0,9.2,26.0,490,high
10.6,23.0,22,2,131.0,51.0,72.0,18.0,100.0,60.0,11.0,28.0,492,high
15.3,33.0,27,4,156.0,51.0,68.0,19.0,118.0,75.0,13.0,37.0,493,low
10.4,31.0,31,5,156.0,65.0,76.0,18.0,105.0,65.0,10.8,34.0,494,high
11.9,8.0,26,3,143.0,65.0,72.0,18.0,110.0,60.0,10.3,32.0,497,high
12.4,11.0,24,2,152.0,60.0,76.0,,104.0,87.0,11.4,15.0,499,low
9.5,24.0,36,4,157.0,56.0,70.0,19.0,102.0,67.0,9.0,28.0,500,high
13.0,16.0,22,2,138.0,94.0,76.0,16.0,112.0,16.0,13.0,20.0,502,low
8.8,8.0,32,4,167.0,54.0,82.0,20.0,110.0,70.0,10.7,20.0,504,high
9.6,32.0,45,8,150.0,54.0,72.0,18.0,120.0,78.0,9.6,36.0,505,high
12.2,16.0,29,6,163.0,50.0,76.0,16.0,115.0,60.0,12.6,24.0,511,high
9.1,24.0,20,2,153.0,65.0,72.0,18.0,109.0,69.0,9.4,38.0,512,high
8.3,22.0,27,4,154.0,51.0,86.0,18.0,100.0,62.0,7.5,26.0,515,high
11.8,8.0,19,1,176.0,56.0,74.0,18.0,123.0,70.0,10.6,21.0,518,high
10.5,11.0,39,5,162.0,50.0,,,120.0,70.0,11.4,16.0,527,high
11.8,32.0,24,3,153.0,60.0,76.0,18.0,116.0,72.0,11.2,34.0,535,high
9.6,30.0,25,3,157.0,55.0,68.0,20.0,111.0,60.0,10.7,34.0,537,high
9.9,28.0,24,3,160.0,55.0,90.0,20.0,111.0,64.0,10.5,31.0,538,high
12.2,22.0,23,2,153.0,49.0,80.0,19.0,100.0,60.0,10.1,28.0,541,low
13.3,32.0,22,3,159.0,56.0,90.0,18.0,120.0,70.0,12.2,36.0,542,high
10.6,33.0,23,3,149.0,48.0,76.0,20.0,100.0,60.0,11.8,36.0,543,high
11.3,12.0,30,4,158.0,54.0,68.0,20.0,114.0,67.0,11.0,30.0,544,high
13.5,16.0,26,3,160.0,76.0,76.0,19.0,131.0,81.0,13.2,20.0,545,high
11.6,30.0,32,5,154.0,49.0,70.0,18.0,120.0,70.0,11.2,34.0,546,high
10.9,32.0,17,2,139.0,48.5,76.0,19.0,123.0,69.0,12.2,37.0,550,high
12.2,32.0,24,3,152.0,60.0,70.0,20.0,100.0,60.0,13.0,36.0,551,low
10.3,10.0,29,3,152.0,47.0,,,116.0,73.0,12.1,14.0,553,high
10.5,28.0,32,5,158.0,68.0,90.0,18.0,122.0,78.0,12.2,32.0,558,high
11.1,13.0,37,2,145.0,56.0,72.0,18.0,111.0,60.0,11.0,27.0,564,high
11.2,25.0,37,4,160.0,64.0,72.0,18.0,120.0,70.0,11.0,36.0,567,high
11.3,18.0,11,3,169.0,67.4,86.0,,118.0,75.0,10.7,26.0,568,high
10.9,16.0,20,3,143.0,55.0,72.0,18.0,124.0,79.0,10.4,20.0,572,high
10.7,20.0,26,3,151.0,55.0,,,,,10.7,26.0,573,high
10.0,24.0,24,3,167.0,55.0,78.0,20.0,129.0,74.0,10.0,28.0,577,high
9.7,33.0,32,5,164.0,80.0,74.0,18.0,110.0,60.0,11.1,37.0,582,high
11.7,17.0,21,2,166.0,58.0,79.0,,98.0,96.0,11.7,24.0,583,high
11.8,24.0,24,4,157.0,56.0,75.0,18.0,121.0,76.0,12.1,28.0,584,high
14.0,15.0,39,9,160.0,78.0,,,133.0,80.0,14.9,20.0,585,high
11.6,23.0,30,2,149.0,58.0,74.0,18.0,110.0,60.0,12.1,28.0,586,high
10.4,25.0,18,2,156.0,60.0,68.0,20.0,122.0,70.0,11.6,29.0,587,high
12.7,10.0,25,3,156.0,56.0,76.0,18.0,110.0,60.0,10.4,27.0,589,low
6.2,28.0,27,5,157.0,59.0,78.0,18.0,101.0,59.0,8.5,32.0,591,high
15.1,24.0,28,4,164.0,65.0,80.0,19.0,118.0,77.0,13.3,28.0,592,low
13.5,7.0,25,4,150.0,47.0,63.0,16.0,118.0,75.0,13.3,11.0,593,low
13.1,12.0,20,2,157.0,44.0,72.0,18.0,114.0,70.0,13.0,23.0,600,low
10.7,24.0,38,8,158.0,47.0,70.0,18.0,123.0,77.0,12.2,36.0,615,high
9.9,11.0,29,4,158.0,54.0,,,118.0,75.0,13.2,15.0,617,high
12.5,23.0,39,5,169.0,75.0,82.0,16.0,99.0,55.0,10.3,29.0,631,high
12.5,17.0,19,1,134.0,53.0,63.0,19.0,112.0,69.0,12.1,24.0,632,high
13.2,18.0,36,5,164.0,97.0,80.0,,149.0,93.0,12.9,22.0,637,high
10.6,18.0,23,3,133.0,45.0,72.0,18.0,110.0,70.0,10.1,21.0,643,high
10.5,12.0,28,3,160.0,54.0,98.0,,96.0,65.0,10.5,22.0,652,high
5.6,24.0,22,3,165.0,60.0,78.0,18.0,116.0,72.0,11.1,30.0,657,high
13.6,20.0,17,2,156.0,56.0,75.0,18.0,118.0,77.0,13.3,24.0,660,low
3.9,28.0,26,2,164.0,58.0,78.0,18.0,110.0,70.0,10.1,32.0,662,high
11.1,20.0,41,7,160.0,60.0,78.0,18.0,107.0,60.0,11.8,24.0,664,high
13.2,24.0,37,7,150.0,60.0,78.0,16.0,119.0,55.0,10.6,28.0,670,high
11.6,20.0,32,2,148.0,59.0,74.0,16.0,110.0,60.0,11.0,24.0,686,high
13.2,18.0,31,3,157.0,60.0,75.0,16.0,110.0,70.0,12.0,24.0,687,low
12.5,23.0,21,2,150.0,46.0,72.0,18.0,90.0,60.0,10.3,26.0,688,low
9.8,32.0,23,2,157.0,65.0,72.0,18.0,120.0,79.0,10.5,34.0,702,high
11.3,24.0,20,2,159.0,44.0,100.0,20.0,124.0,79.0,10.6,28.0,708,high
10.8,24.0,28,4,156.0,48.0,73.0,18.0,110.0,60.0,11.5,28.0,709,high
9.2,21.0,27,1,141.0,57.0,88.0,20.0,104.0,67.0,11.4,33.0,710,high
10.1,12.0,22,1,158.0,40.0,101.0,18.0,104.0,84.0,9.1,16.0,714,high
10.8,15.0,20,1,158.0,50.0,76.0,16.0,110.0,60.0,13.2,18.0,720,high
8.2,30.0,23,3,160.0,66.0,74.0,16.0,106.0,57.0,10.7,36.0,722,high
9.2,21.0,27,1,171.0,55.0,70.0,18.0,117.0,76.0,9.9,24.0,725,high
13.5,12.0,25,3,158.0,44.0,72.0,18.0,120.0,80.0,10.3,17.0,729,low
11.1,12.0,20,3,131.0,56.0,70.0,18.0,115.0,70.0,10.7,23.0,730,high
7.0,20.0,22,1,171.0,65.5,67.0,16.0,123.0,78.0,10.9,32.0,731,high
10.3,21.0,26,3,159.0,48.0,70.0,18.0,122.0,74.0,10.5,30.0,733,high
9.1,33.0,25,6,160.0,64.0,74.0,18.0,96.0,56.0,7.9,37.0,735,high
9.9,27.0,38,6,150.0,66.0,78.0,16.0,89.0,54.0,10.8,30.0,738,high
13.2,32.0,23,3,164.0,60.0,74.0,26.0,100.0,58.0,13.0,40.0,741,low
12.9,10.0,25,3,159.0,61.0,74.0,18.0,121.0,71.0,12.2,21.0,743,low
11.0,16.0,21,1,180.0,65.5,,,117.0,62.0,10.7,20.0,746,high
13.5,19.0,28,3,154.0,45.0,70.0,18.0,114.0,70.0,11.9,24.0,748,low
15.2,32.0,39,7,160.0,50.0,70.0,18.0,122.0,74.0,11.1,36.0,751,high
13.0,15.0,28,2,163.0,54.0,,,104.0,66.0,14.0,20.0,753,high
10.7,22.0,18,1,171.0,67.0,89.0,,137.0,63.0,10.6,29.0,756,high
10.3,8.0,32,4,168.0,61.0,75.0,18.0,120.0,70.0,11.6,12.0,758,high
9.9,8.0,32,4,159.0,49.0,70.0,20.0,114.0,70.0,10.6,16.0,759,high
10.1,25.0,22,3,168.0,67.0,78.0,16.0,110.0,70.0,10.0,34.0,761,high
7.7,20.0,27,2,168.0,60.0,,18.0,110.0,60.0,11.0,28.0,763,high
11.3,27.0,16,1,151.0,60.0,70.0,19.0,123.0,78.0,11.4,31.0,764,high
9.4,20.0,39,4,164.0,77.0,74.0,20.0,120.0,70.0,11.0,31.0,768,high
9.8,22.0,24,2,168.0,55.0,78.0,18.0,110.0,60.0,11.9,27.0,769,high
7.6,20.0,23,1,150.0,56.0,76.0,18.0,110.0,65.0,10.3,25.0,771,high
5.0,16.0,19,2,157.0,51.0,78.0,16.0,100.0,69.0,10.0,20.0,776,high
10.8,31.0,20,1,168.0,60.0,72.0,18.0,120.0,60.0,11.0,36.0,777,high
10.7,24.0,20,2,165.0,52.0,76.0,16.0,110.0,65.0,11.0,28.0,778,high
12.2,31.0,26,2,160.0,61.0,70.0,19.0,110.0,70.0,12.2,35.0,791,low
14.6,22.0,17,2,135.0,56.0,76.0,20.0,113.0,67.0,12.1,26.0,798,low
13.0,32.0,32,6,157.0,56.0,68.0,16.0,112.0,67.0,14.0,36.0,804,high
15.3,28.0,20,2,145.0,67.0,63.0,18.0,118.0,77.0,12.1,32.0,805,low
10.3,24.0,18,3,148.0,65.0,80.0,18.0,118.0,77.0,11.6,28.0,806,high
13.6,35.0,29,3,151.0,65.0,76.0,17.0,113.0,67.0,13.3,39.0,808,low
13.0,30.0,18,3,137.0,45.0,68.0,20.0,118.0,75.0,12.1,35.0,810,low
13.3,24.0,18,2,153.0,56.0,63.0,19.0,113.0,74.0,11.6,28.0,811,low
13.8,22.0,24,1,166.0,54.0,68.0,19.0,113.0,74.0,13.6,26.0,812,low
16.4,26.0,23,3,153.0,58.0,68.0,17.0,115.0,78.0,16.4,30.0,813,low
9.1,16.0,21,3,149.0,57.0,76.0,20.0,113.0,74.0,13.3,34.0,814,high
15.2,30.0,26,3,148.0,63.0,76.0,16.0,118.0,75.0,15.0,34.0,815,low
12.9,24.0,16,1,173.0,60.0,63.0,16.0,112.0,67.0,13.1,28.0,818,low
13.3,25.0,23,4,151.0,60.0,68.0,18.0,118.0,75.0,11.6,29.0,823,low
14.2,24.0,24,2,153.0,49.7,68.0,20.0,115.0,60.0,12.9,28.0,825,low
12.1,32.0,24,2,161.0,57.0,68.0,19.0,120.0,67.0,12.5,34.0,828,low
13.3,33.0,21,3,158.0,50.0,70.0,19.0,125.0,75.0,14.2,37.0,829,low
7.1,24.0,22,2,160.0,45.0,78.0,16.0,98.0,61.0,9.7,32.0,833,high
9.8,8.0,23,3,152.0,47.0,67.0,20.0,104.0,57.0,10.5,20.0,834,high
11.2,26.0,24,2,151.0,54.3,68.0,18.0,110.0,70.0,12.0,28.0,846,high
10.0,24.0,20,2,153.0,51.7,70.0,20.0,130.0,70.0,10.8,27.0,849,high
11.4,24.0,17,2,176.0,54.0,100.0,24.0,109.0,55.0,10.3,38.0,852,high
10.5,11.0,11,2,169.0,59.0,102.0,19.0,165.0,80.0,10.5,16.0,853,high
12.3,18.0,36,4,150.0,66.5,,18.0,117.0,69.0,11.6,22.0,857,high
10.1,30.0,20,2,150.0,42.0,75.0,18.0,120.0,70.0,10.3,32.0,858,high
12.4,20.0,19,1,138.0,37.0,72.0,18.0,110.0,70.0,12.0,24.0,859,low
11.9,24.0,38,5,158.0,58.0,72.0,16.0,100.0,62.0,11.6,28.0,860,high
10.9,10.0,25,1,141.0,46.0,70.0,18.0,126.0,97.0,10.1,18.0,861,high
10.9,26.0,24,2,168.0,59.0,68.0,19.0,112.0,67.0,12.1,30.0,864,high
10.2,25.0,35,4,162.0,81.0,84.0,,113.0,65.0,12.8,29.0,865,high
7.7,17.0,28,4,150.0,52.0,72.0,18.0,120.0,87.0,8.9,27.0,867,high
7.7,24.0,36,8,155.5,56.5,67.0,20.0,117.0,62.0,8.8,32.0,873,high
13.0,10.0,25,2,153.0,50.0,80.0,19.0,109.0,72.0,12.2,25.0,886,low
8.8,28.0,42,6,157.0,58.0,75.0,18.0,112.0,66.0,10.1,32.0,887,high
12.6,16.0,26,2,143.0,51.0,90.0,17.0,120.0,70.0,11.2,28.0,888,low
9.8,28.0,20,2,157.0,56.0,77.0,19.0,113.0,67.0,10.1,32.0,889,high
13.0,20.0,32,6,165.0,64.0,68.0,20.0,118.0,77.0,11.6,26.0,890,high
9.9,9.0,33,3,177.0,41.0,78.0,16.0,110.0,70.0,9.6,20.0,896,high
11.0,6.0,17,1,152.0,51.0,74.0,18.0,120.0,70.0,11.1,17.0,897,high
10.4,20.0,35,6,146.0,56.0,76.0,16.0,110.0,70.0,9.3,26.0,903,high
14.5,8.0,34,2,146.0,75.0,,,121.0,84.0,11.7,13.0,905,low
12.7,16.0,21,3,168.0,78.4,,,93.0,63.0,12.2,20.0,910,low
11.1,12.0,18,1,170.0,50.0,76.0,16.0,106.0,71.0,13.4,26.0,915,high
9.1,24.0,27,1,157.0,60.0,76.0,18.0,106.0,55.0,11.9,26.0,917,high
11.2,24.0,20,2,153.0,62.0,68.0,19.0,100.0,60.0,13.0,28.0,919,high
11.3,30.0,30,5,148.0,55.5,90.0,19.0,106.0,62.0,10.9,34.0,929,high
12.0,12.0,21,3,155.0,61.0,68.0,18.0,118.0,64.0,11.0,30.0,931,low
13.2,18.0,20,2,154.0,61.0,80.0,19.0,104.0,54.0,12.6,27.0,936,low
10.5,16.0,23,2,162.0,64.0,84.0,,108.0,53.0,11.1,20.0,940,high
10.4,4.0,36,3,158.0,60.4,98.0,,104.0,78.0,11.3,13.0,948,high
9.7,28.0,17,3,157.0,59.1,68.0,20.0,126.0,75.0,13.3,32.0,954,high
10.1,24.0,18,3,172.0,60.0,70.0,19.0,100.0,60.0,9.9,28.0,956,high
15.7,8.0,22,3,162.0,60.0,,,120.0,70.0,14.5,13.0,961,low
11.1,26.0,28,4,158.0,56.6,80.0,19.0,125.0,69.0,10.7,34.0,963,high
10.5,20.0,28,3,147.0,159.0,112.0,20.0,127.0,80.0,9.1,30.0,967,high
12.9,20.0,47,3,150.0,159.0,112.0,19.0,114.0,66.0,12.1,26.0,968,low
6.9,12.0,22,2,167.0,56.0,81.0,20.0,97.0,60.0,12.1,19.0,970,high
9.8,25.0,17,2,175.0,57.0,,,110.0,70.0,11.7,30.0,973,high
8.8,26.0,23,2,169.0,50.0,63.0,19.0,115.0,65.0,12.6,30.0,975,high
11.6,27.0,34,1,163.0,53.0,,,120.0,70.0,13.3,30.0,980,high
11.2,22.0,30,3,156.0,56.0,,,110.0,70.0,11.5,26.0,981,high
13.1,28.0,23,1,139.0,68.0,76.0,17.0,118.0,75.0,13.3,32.0,984,low
12.3,23.0,29,5,157.0,45.5,90.0,18.0,99.0,60.0,11.8,29.0,986,high
13.2,12.0,23,2,156.0,54.5,70.0,17.0,112.0,61.0,11.2,28.0,987,low
11.2,28.0,42,11,154.0,72.0,80.0,19.0,120.0,61.0,14.2,33.0,990,high
8.9,14.0,33,4,158.0,62.0,76.0,18.0,99.0,62.0,11.3,31.0,992,high
10.6,31.0,38,4,156.0,68.0,80.0,20.0,103.0,67.0,10.1,34.0,996,high
12.0,12.0,35,3,180.0,60.0,74.0,18.0,120.0,70.0,9.9,24.0,1002,low
7.9,10.0,22,3,154.0,62.0,80.0,26.0,128.0,66.0,9.4,20.0,1005,high
11.6,28.0,31,6,165.0,63.0,76.0,26.0,105.0,60.0,11.8,32.0,1009,high
13.0,12.0,26,3,154.0,50.0,82.0,20.0,100.0,60.0,13.3,18.0,1014,low
9.8,12.0,25,1,135.0,50.0,72.0,18.0,112.0,60.0,13.3,23.0,1015,high
15.0,14.0,33,4,150.0,60.0,80.0,22.0,120.0,70.0,10.0,21.0,1021,low
14.3,14.0,24,2,150.0,44.0,,,97.0,58.0,13.6,20.0,1026,low
12.1,26.0,21,2,148.0,62.0,63.0,19.0,113.0,67.0,12.6,30.0,1033,low
11.7,28.0,19,2,148.0,65.0,67.0,20.0,,,12.6,36.0,1035,high
13.5,26.0,27,3,153.0,57.0,63.0,19.0,112.0,67.0,11.6,32.0,1037,high
10.5,23.0,21,2,170.0,49.0,88.0,18.0,116.0,60.0,11.0,27.0,1039,high
6.2,32.0,30,6,151.0,57.0,86.0,18.0,114.0,80.0,7.4,38.0,1041,high
9.3,16.0,18,1,152.0,49.0,,,100.0,60.0,11.0,21.0,1042,high
7.0,29.0,45,7,157.0,58.0,80.0,26.0,100.0,70.0,4.9,34.0,1043,high
10.4,13.0,20,1,152.0,48.0,,,120.0,78.0,10.1,20.0,1046,high
7.9,24.0,36,6,175.0,60.0,78.0,18.0,100.0,70.0,9.8,28.0,1049,high
9.6,20.0,31,3,161.0,62.0,76.0,18.0,115.0,60.0,12.2,25.0,1051,high
9.8,17.0,26,3,150.0,58.0,,,112.0,70.0,10.9,22.0,1052,high
12.1,8.0,39,3,152.0,71.0,,,137.0,82.0,14.6,12.0,1053,high
11.1,29.0,24,2,154.0,65.0,80.0,18.0,118.0,77.0,10.5,34.0,1055,high
9.6,24.0,29,3,147.0,53.0,76.0,17.0,118.0,75.0,11.6,28.0,1058,high
10.2,20.0,11,1,168.0,62.8,100.0,18.0,110.0,67.0,10.8,24.0,1059,high
14.7,30.0,26,7,153.0,56.0,73.0,18.0,113.0,67.0,12.1,36.0,1060,high
12.4,28.0,22,2,148.0,57.0,63.0,18.0,112.0,67.0,10.4,33.0,1061,low
13.3,9.0,31,3,173.0,75.0,101.0,18.0,119.0,85.0,12.0,20.0,1062,low
14.0,27.0,21,2,167.0,46.0,75.0,19.0,118.0,74.0,13.0,30.0,1063,low
11.8,8.0,31,1,179.0,51.0,100.0,,115.0,56.0,11.2,13.0,1064,high
10.2,20.0,19,3,132.0,56.0,76.0,17.0,110.0,66.0,11.6,24.0,1067,high
11.2,24.0,19,1,175.0,47.8,70.0,19.0,128.0,71.0,11.8,28.0,1071,high
11.5,28.0,31,3,159.0,70.0,90.0,20.0,127.0,72.0,10.5,32.0,1074,high
12.5,18.0,26,1,173.0,75.0,122.0,23.0,112.0,50.0,12.2,24.0,1078,low
9.9,25.0,21,3,155.0,45.5,70.0,18.0,120.0,61.0,9.3,28.0,1080,high
11.7,16.0,26,3,156.0,70.4,68.0,17.0,91.0,68.0,11.2,23.0,1088,high
13.3,22.0,19,2,131.0,53.6,70.0,19.0,137.0,70.0,10.3,28.0,1092,low
12.5,12.0,19,3,130.0,65.0,72.0,16.0,100.0,60.0,12.0,16.0,1096,low
10.6,27.0,35,2,153.0,81.0,,,108.0,77.0,12.8,31.0,1099,high
10.1,19.0,22,1,144.0,50.0,72.0,16.0,100.0,70.0,12.0,23.0,1101,high
10.9,25.0,33,3,156.0,92.0,72.0,18.0,120.0,60.0,10.2,29.0,1104,high
12.6,14.0,20,3,150.0,59.0,74.0,16.0,98.0,60.0,10.0,25.0,1106,low
10.0,6.0,29,3,159.0,62.0,78.0,18.0,101.0,65.0,10.7,16.0,1107,high
14.0,8.0,29,1,173.0,67.0,,,120.0,57.0,13.7,17.0,1108,low
10.2,21.0,24,2,158.0,67.0,72.0,16.0,125.0,72.0,10.9,34.0,1117,high
10.8,26.0,43,8,154.0,63.0,76.0,20.0,110.0,60.0,9.7,28.0,1118,high
12.2,18.0,38,4,156.0,51.0,,,101.0,64.0,12.4,23.0,1119,low
11.4,27.0,39,5,153.0,65.0,72.0,20.0,120.0,70.0,9.8,32.0,1121,high
10.5,24.0,26,3,167.0,55.0,78.0,20.0,110.0,70.0,9.9,28.0,1123,high
9.9,26.0,32,4,160.0,82.0,70.0,19.0,100.0,60.0,9.6,30.0,1127,high
11.5,25.0,18,2,148.0,76.4,80.0,20.0,131.0,71.0,14.2,33.0,1130,high
10.3,12.0,25,2,160.0,54.5,72.0,18.0,112.0,64.0,9.9,23.0,1131,high
10.4,12.0,23,3,176.0,54.0,74.0,16.0,132.0,82.0,10.3,14.0,1132,high
14.6,10.0,27,2,162.0,50.0,72.0,18.0,101.0,71.0,14.0,14.0,1133,low
13.0,11.0,27,1,169.0,46.2,,,120.0,85.0,13.1,16.0,1134,low
12.5,28.0,18,2,139.0,60.0,82.0,20.0,110.0,60.0,11.5,32.0,1135,low
14.3,4.0,23,2,144.0,76.5,,,120.0,89.0,13.9,9.0,1151,low
10.5,14.0,33,3,160.0,73.0,82.0,,116.0,70.0,10.4,18.0,1153,high
13.2,21.0,32,2,162.0,43.0,92.0,18.0,114.0,70.0,12.1,25.0,1165,low
10.9,20.0,25,3,151.0,50.0,69.0,19.0,123.0,78.0,11.2,24.0,1176,high
10.0,32.0,39,5,159.0,59.0,70.0,20.0,105.0,68.0,11.0,36.0,1178,high
10.9,13.0,31,3,158.0,58.0,72.0,18.0,108.0,68.0,9.0,17.0,1180,high
11.0,18.0,34,5,162.0,60.0,74.0,18.0,100.0,60.0,12.6,22.0,1182,high
11.1,20.0,26,1,170.0,54.0,74.0,18.0,110.0,60.0,12.0,28.0,1183,high
11.9,17.0,29,2,160.0,51.0,70.0,17.0,96.0,69.0,11.9,22.0,1186,high
13.1,16.0,30,2,160.0,68.0,72.0,16.0,110.0,68.0,12.5,20.0,1187,low
12.5,18.0,26,1,147.0,62.0,72.0,16.0,111.0,63.0,12.0,21.0,1188,low
11.5,30.0,28,5,152.0,55.0,,,102.0,77.0,12.3,36.0,1190,high
14.0,10.0,20,1,131.0,60.3,,,99.0,59.0,12.6,15.0,1192,low
10.5,24.0,27,4,161.0,52.0,78.0,16.0,100.0,58.0,11.0,28.0,1194,high
9.8,23.0,23,2,159.0,66.1,70.0,18.0,125.0,66.0,10.1,27.0,1197,high
11.0,32.0,20,2,141.0,60.0,76.0,18.0,120.0,60.0,11.3,34.0,1201,high
10.0,26.0,21,2,178.0,79.0,99.0,19.0,120.0,70.0,10.3,30.0,1202,high
9.3,20.0,24,3,143.0,46.0,112.0,19.0,112.0,68.0,10.2,26.0,1206,high
12.7,22.0,21,2,156.0,58.2,99.0,21.0,128.0,74.0,11.8,27.0,1207,low
9.3,20.0,30,3,151.0,44.0,73.0,,112.0,80.0,9.7,24.0,1211,high
11.0,12.0,35,1,173.0,72.0,102.0,19.0,109.0,65.0,9.8,16.0,1212,high
7.7,16.0,41,2,176.0,54.0,123.0,,117.0,55.0,9.5,20.0,1213,high
9.1,16.0,23,2,161.0,52.0,102.0,,122.0,79.0,8.4,18.0,1214,high
10.4,7.0,25,3,131.0,47.0,102.0,19.0,,,9.1,17.0,1215,high
12.0,20.0,30,2,137.0,82.6,91.0,,135.0,62.0,12.6,24.0,1216,low
11.0,24.0,44,1,136.0,24.0,79.0,23.0,,,9.8,28.0,1217,high
11.5,12.0,21,3,157.0,46.0,117.0,,115.0,57.0,10.2,16.0,1218,high
12.5,28.0,37,5,156.0,62.0,80.0,17.0,113.0,74.0,11.6,32.0,1219,high
8.4,20.0,23,3,158.0,54.0,78.0,20.0,123.0,61.0,8.5,24.0,1222,high
14.8,28.0,38,7,167.0,65.0,63.0,18.0,112.0,67.0,11.45,32.0,1227,high
10.4,28.0,41,6,164.0,53.0,75.0,17.0,118.0,75.0,11.6,32.0,1230,high
13.4,15.0,31,3,165.0,87.0,90.0,,100.0,85.0,10.7,23.0,1231,low
12.1,30.0,36,8,156.0,54.0,80.0,18.0,113.0,74.0,13.3,34.0,1232,high
12.0,12.0,16,4,153.0,56.0,76.0,20.0,120.0,72.0,11.9,20.0,1233,low
13.5,30.0,24,1,139.0,45.0,63.0,18.0,113.0,67.0,13.0,34.0,1235,high
8.3,20.0,21,2,163.0,56.5,78.0,20.0,102.0,68.0,9.6,24.0,1238,high
11.1,20.0,23,2,156.0,57.3,70.0,20.0,107.0,54.0,11.3,30.0,1243,high
11.1,31.0,40,6,167.0,75.0,80.0,19.0,105.0,59.0,11.2,36.0,1245,high
12.1,28.0,29,3,154.0,58.4,68.0,20.0,110.0,70.0,11.2,32.0,1247,low
11.2,28.0,22,3,140.0,63.3,70.0,18.0,140.0,80.0,11.2,31.0,1256,high
12.6,14.0,30,3,180.0,48.0,70.0,17.0,130.0,70.0,12.2,20.0,1257,low
14.2,17.0,19,3,153.0,47.2,80.0,19.0,105.0,60.0,12.6,21.0,1260,low
13.8,8.0,17,2,141.0,48.0,70.0,18.0,123.0,78.0,11.0,20.0,1263,low
10.1,26.0,24,4,157.0,62.0,84.0,20.0,110.0,60.0,10.0,30.0,1267,high
8.4,32.0,37,9,148.0,50.0,80.0,20.0,111.0,67.0,8.4,33.0,1269,high
10.0,23.0,20,2,158.0,70.0,72.0,16.0,120.0,60.0,12.0,28.0,1271,high
12.6,22.0,30,3,139.0,69.0,78.0,18.0,100.0,60.0,12.1,26.0,1274,low
8.8,7.0,22,3,156.0,40.0,70.0,18.0,123.0,75.0,8.0,18.0,1275,high
12.0,20.0,33,3,159.0,60.0,72.0,18.0,110.0,70.0,11.2,24.0,1276,low
11.8,20.0,31,2,159.0,65.0,69.0,18.0,108.0,67.0,11.4,24.0,1284,high
11.4,20.0,18,3,134.0,68.0,74.0,20.0,110.0,70.0,11.3,24.0,1285,high
13.9,24.0,47,12,154.0,65.0,68.0,18.0,122.0,75.0,13.3,28.0,1294,high
10.3,28.0,18,3,143.0,48.0,68.0,19.0,113.0,60.0,11.3,32.0,1299,high
13.4,5.0,32,4,156.0,81.0,,,107.0,74.0,15.0,19.0,1302,low
10.6,24.0,37,9,156.0,60.5,67.0,16.0,89.0,49.0,11.2,28.0,1309,high
10.9,21.0,21,3,131.0,55.0,80.0,22.0,120.0,79.0,10.1,25.0,1311,high
12.6,23.0,29,4,156.0,54.0,68.0,17.0,118.0,70.0,11.9,27.0,1312,low
10.5,23.0,22,1,143.0,50.0,76.0,17.0,113.0,74.0,11.2,27.0,1314,high
11.1,25.0,20,1,149.0,46.0,65.0,17.0,113.0,67.0,11.6,30.0,1317,high
11.6,29.0,23,1,169.0,57.0,75.0,17.0,112.0,67.0,11.7,33.0,1318,high
10.8,12.0,30,3,154.0,57.0,80.0,17.0,123.0,64.0,10.1,26.0,1320,high
10.1,17.0,44,7,156.0,54.3,70.0,19.0,115.0,60.0,10.1,24.0,1322,high
11.5,11.0,21,3,135.0,40.0,72.0,18.0,119.0,72.0,10.4,15.0,1323,high
10.4,17.0,22,2,158.0,61.8,68.0,20.0,118.0,60.0,11.0,26.0,1326,high
11.2,17.0,33,5,158.0,70.0,76.0,18.0,116.0,72.0,11.0,21.0,1328,high
13.9,23.0,35,5,153.0,78.0,90.0,17.0,115.0,60.0,10.6,30.0,1329,high
10.4,6.0,29,5,167.0,60.0,72.0,18.0,123.0,78.0,10.7,10.0,1331,high
12.7,19.0,27,3,162.0,60.0,72.0,18.0,123.0,78.0,12.2,23.0,1334,low
12.3,18.0,23,3,156.0,49.0,68.0,19.0,123.0,70.0,11.2,28.0,1339,low
10.7,27.0,30,4,153.0,66.0,90.0,19.0,120.0,71.0,11.0,32.0,1340,high
11.4,10.0,17,1,152.0,49.0,,,120.0,60.0,13.2,18.0,1349,high
10.0,26.0,17,1,131.0,60.0,78.0,16.0,96.0,64.0,10.4,30.0,1360,high
9.8,24.0,32,3,158.0,48.0,76.0,18.0,130.0,98.0,10.3,29.0,1367,high
12.3,12.0,11,2,154.0,65.0,72.0,20.0,120.0,70.0,10.8,26.0,1370,low
13.2,26.0,34,7,149.0,56.0,68.0,19.0,118.0,77.0,13.3,29.0,1372,high
10.7,20.0,21,2,140.0,54.0,,18.0,117.0,62.0,10.5,24.0,1373,high
13.8,26.0,25,5,164.0,60.0,80.0,17.0,113.0,74.0,13.6,30.0,1374,high
10.3,17.0,21,2,146.0,60.0,68.0,18.0,98.0,58.0,10.6,26.0,1376,high
14.9,24.0,25,6,156.0,62.0,63.0,16.0,113.0,67.0,13.5,30.0,1377,high
12.0,21.0,27,3,158.0,58.0,74.0,18.0,105.0,60.0,11.3,24.0,1378,low
10.3,24.0,16,1,156.0,56.0,68.0,20.0,113.0,60.0,10.5,28.0,1379,high
9.8,28.0,26,2,163.0,83.0,72.0,18.0,92.0,62.0,10.0,32.0,1380,high
16.6,21.0,25,1,162.0,61.0,63.0,16.0,112.0,67.0,13.7,28.0,1382,low
10.4,29.0,35,3,158.0,79.0,80.0,19.0,121.0,66.0,13.0,33.0,1383,high
7.2,21.0,29,6,159.0,52.0,90.0,20.0,125.0,66.0,8.6,31.0,1394,high
7.9,21.0,34,3,159.0,55.0,84.0,22.0,95.0,51.0,10.0,26.0,1396,high
13.0,18.0,22,2,153.0,49.0,74.0,26.0,120.0,70.0,13.5,22.0,1400,low
10.1,28.0,20,2,159.0,56.0,101.0,,135.0,65.0,11.4,38.0,1409,high
13.9,31.0,34,8,164.0,60.0,75.0,18.0,113.0,74.0,11.6,36.0,1418,high
11.3,24.0,22,3,168.0,60.0,115.0,19.0,112.0,70.0,11.5,28.0,1420,high
10.6,18.0,27,3,148.0,46.0,119.0,22.0,111.0,79.0,11.2,24.0,1421,high
11.6,13.0,21,1,149.0,56.0,100.0,21.0,135.0,56.0,10.5,17.0,1422,high
12.6,27.0,20,1,168.0,53.0,63.0,16.0,120.0,70.0,11.8,31.0,1424,low
10.8,14.0,24,3,165.0,39.0,72.0,18.0,108.0,60.0,12.1,20.0,1427,high
8.8,24.0,42,2,172.0,58.0,82.0,20.0,119.0,69.0,9.0,28.0,1428,high
11.4,18.0,11,3,134.0,64.4,74.0,18.0,110.0,80.0,12.3,22.0,1433,high
9.3,13.0,19,1,154.0,56.0,80.0,16.0,120.0,70.0,8.7,20.0,1436,high
12.7,11.0,20,2,155.0,55.6,69.0,,97.0,52.0,14.0,15.0,1442,low
10.0,15.0,24,2,137.0,46.0,80.0,20.0,120.0,70.0,10.0,20.0,1446,high
12.0,24.0,26,4,159.0,60.0,73.0,18.0,110.0,70.0,12.5,32.0,1447,low
10.1,19.0,34,2,154.0,61.0,72.0,18.0,111.0,69.0,10.9,21.0,1448,high
10.2,23.0,21,1,146.0,61.0,74.0,18.0,97.0,57.0,8.4,27.0,1450,high
10.0,24.0,23,4,165.0,62.0,86.0,22.0,118.0,74.0,11.0,29.0,1453,high
9.6,19.0,28,3,158.0,55.0,74.0,18.0,132.0,70.0,9.4,23.0,1463,high
12.4,20.0,22,3,157.0,54.0,70.0,19.0,123.0,78.0,12.8,25.0,1468,low
14.3,6.0,21,3,145.0,92.0,76.0,16.0,,,13.0,20.0,1469,low
11.7,24.0,26,5,156.0,62.3,80.0,20.0,104.0,60.0,10.6,28.0,1470,high
12.2,28.0,18,2,149.0,56.0,80.0,20.0,130.0,70.0,12.1,36.0,1472,low
9.6,20.0,24,4,159.0,45.0,70.0,19.0,123.0,78.0,11.0,24.0,1474,high
7.4,8.0,21,3,165.0,50.0,74.0,16.0,114.0,70.0,8.2,19.0,1483,high
11.9,16.0,25,2,150.0,48.0,,,121.0,69.0,12.0,23.0,1485,high
9.1,16.0,23,3,146.0,52.0,74.0,18.0,122.0,79.0,8.4,20.0,1494,high
7.1,23.0,29,3,156.0,68.0,72.0,18.0,121.0,69.0,12.6,30.0,1496,high
13.9,28.0,18,2,176.0,48.0,68.0,20.0,118.0,77.0,13.0,36.0,1497,low
13.6,24.0,25,3,153.0,53.0,63.0,19.0,112.0,67.0,12.8,28.0,1498,low
14.6,27.0,35,7,165.0,63.0,80.0,17.0,118.0,75.0,13.7,31.0,1499,high
10.9,31.0,35,8,158.0,57.0,79.0,19.0,93.0,73.0,10.9,35.0,1500,high
11.8,30.0,22,4,156.0,65.0,75.0,17.0,118.0,75.0,11.2,34.0,1502,high
11.6,28.0,21,3,149.0,49.0,76.0,19.0,112.0,60.0,12.3,32.0,1503,high
13.8,24.0,21,1,170.0,49.0,75.0,17.0,118.0,74.0,11.2,30.0,1504,low
12.1,20.0,20,3,173.0,50.0,68.0,16.0,112.0,67.0,12.6,24.0,1505,low
12.6,28.0,20,1,141.0,50.0,68.0,19.0,113.0,67.0,11.6,32.0,1506,low
11.6,20.0,33,3,154.0,58.0,80.0,20.0,100.0,60.0,12.5,28.0,1521,high
8.3,21.0,18,3,169.0,48.0,80.0,20.0,120.0,64.0,9.6,26.0,1523,high
10.6,12.0,21,2,156.0,45.0,70.0,18.0,123.0,78.0,10.9,16.0,1528,high
14.1,15.0,20,2,156.0,48.0,70.0,19.0,122.0,74.0,13.7,16.0,1529,low
10.9,23.0,23,4,158.0,57.0,70.0,18.0,123.0,75.0,12.1,27.0,1537,high
17.7,26.0,29,5,157.0,57.0,63.0,18.0,112.0,60.0,16.5,31.0,1548,high
10.0,16.0,20,2,152.0,47.8,,,105.0,58.0,11.5,22.0,1550,high
12.1,29.0,23,2,175.0,52.0,82.0,20.0,100.0,65.0,13.2,32.0,1555,low
9.3,20.0,40,8,154.0,54.0,80.0,22.0,115.0,60.0,13.2,24.0,1561,high
10.2,20.0,38,2,158.0,65.0,72.0,16.0,112.0,63.0,9.7,24.0,1563,high
12.0,17.0,28,3,155.0,56.0,75.0,18.0,110.0,74.0,13.5,21.0,1564,low
13.6,14.0,23,4,156.0,53.0,68.0,20.0,113.0,64.0,11.0,33.0,1565,low
10.0,21.0,24,1,164.0,57.0,74.0,18.0,118.0,65.0,10.2,25.0,1567,high
11.1,24.0,25,3,155.0,53.0,76.0,20.0,118.0,57.0,11.5,28.0,1568,high
13.6,10.0,31,4,153.0,67.5,76.0,19.0,119.0,65.0,11.2,27.0,1572,low
11.9,11.0,31,2,147.0,52.0,76.0,18.0,114.0,67.0,11.7,15.0,1574,high
8.6,20.0,38,12,159.0,54.0,80.0,18.0,108.0,64.0,9.0,24.0,1575,high
12.0,16.0,17,2,160.0,42.0,74.0,18.0,100.0,70.0,11.0,20.0,1577,low
11.7,28.0,24,3,154.0,73.0,70.0,20.0,120.0,64.0,10.8,32.0,1578,high
12.3,33.0,36,5,158.0,65.0,68.0,18.0,117.0,73.0,12.2,34.0,1579,high
13.2,28.0,18,3,157.0,61.5,76.0,18.0,120.0,70.0,12.2,32.0,1580,high
10.8,16.0,19,1,180.0,62.0,92.0,16.0,115.0,60.0,10.3,20.0,1583,high
10.8,28.0,23,3,158.0,54.0,75.0,19.0,113.0,67.0,11.6,32.0,1586,high
14.4,26.0,29,5,148.0,57.0,75.0,17.0,112.0,67.0,13.8,30.0,1587,high
13.9,28.0,26,3,164.0,60.0,69.0,17.0,109.0,65.0,12.6,32.0,1588,high
12.8,26.0,27,7,156.0,65.0,80.0,18.0,118.0,75.0,11.2,31.0,1589,high
12.8,28.0,22,2,149.0,50.0,63.0,16.0,118.0,75.0,10.1,32.0,1590,high
12.3,13.0,37,3,157.0,39.0,74.0,18.0,110.0,60.0,11.2,21.0,1591,low
11.3,19.0,26,3,154.0,50.0,76.0,18.0,120.0,70.0,11.3,20.0,1592,high
9.0,20.0,23,3,165.0,63.0,72.0,18.0,110.0,66.0,10.4,24.0,1594,high
11.3,27.0,38,4,154.0,67.0,76.0,18.0,109.0,67.0,10.7,31.0,1595,high
12.0,20.0,27,2,159.0,54.0,82.0,,110.0,60.0,12.5,28.0,1598,low
13.4,19.0,27,3,149.0,61.0,82.0,22.0,110.0,60.0,13.4,23.0,1599,high
9.8,29.0,23,3,164.0,49.0,74.0,18.0,114.0,64.0,10.0,34.0,1600,high
12.0,18.0,19,1,143.0,52.0,87.0,18.0,120.0,70.0,10.8,21.0,1602,low
9.5,18.0,24,3,148.0,53.0,72.0,18.0,91.0,63.0,9.3,23.0,1603,high
12.0,21.0,25,3,152.0,55.0,70.0,18.0,101.0,65.0,11.0,25.0,1606,low
13.1,24.0,28,5,156.0,54.0,76.0,17.0,113.0,67.0,12.6,28.0,1607,high
11.3,28.0,20,2,165.0,58.0,65.0,19.0,111.0,65.0,13.2,32.0,1610,high
13.3,26.0,20,1,134.0,45.0,77.0,19.0,100.0,66.0,12.1,30.0,1612,high
12.5,32.0,38,3,138.0,55.0,63.0,16.0,112.0,67.0,13.3,36.0,1621,low
9.8,32.0,20,1,136.0,54.0,63.0,20.0,118.0,75.0,11.6,36.0,1622,high
12.2,24.0,18,3,157.0,48.0,63.0,17.0,118.0,75.0,11.6,31.0,1625,low
12.7,20.0,26,4,154.0,63.0,76.0,17.0,118.0,77.0,9.9,24.0,1626,high
12.9,26.0,20,2,172.0,54.0,76.0,19.0,112.0,67.0,11.6,30.0,1627,low
11.0,28.0,26,6,160.0,48.0,80.0,18.0,115.0,60.0,11.0,32.0,1628,high
8.8,12.0,27,3,176.0,66.0,76.0,18.0,120.0,60.0,8.5,24.0,1633,high
10.5,24.0,39,5,156.0,58.0,70.0,20.0,120.0,71.0,11.2,28.0,1634,high
13.9,16.0,18,1,135.0,53.0,82.0,22.0,110.0,60.0,13.2,21.0,1641,high
12.0,10.0,18,2,161.0,56.0,,,110.0,70.0,12.6,14.0,1646,low
12.1,20.0,40,4,161.0,76.0,72.0,18.0,124.0,77.0,10.5,25.0,1651,low
13.1,29.0,41,3,138.0,60.0,82.0,18.0,114.0,70.0,12.5,33.0,1654,low
8.8,12.0,26,2,164.0,50.5,74.0,18.0,93.0,53.0,8.9,22.0,1656,high
9.7,20.0,38,7,160.0,66.0,74.0,18.0,110.0,80.0,9.8,24.0,1657,high
11.9,31.0,11,4,155.0,62.0,76.0,,108.0,72.0,12.0,36.0,1662,high
12.5,21.0,26,4,160.0,59.0,84.0,26.0,102.0,60.0,11.2,32.0,1665,low
10.8,20.0,24,1,148.0,51.0,88.0,22.0,112.0,65.0,8.8,30.0,1667,high
9.8,18.0,19,1,136.0,50.0,82.0,28.0,120.0,70.0,10.6,22.0,1670,high
11.9,27.0,30,4,168.0,73.0,84.0,20.0,110.0,70.0,12.9,31.0,1672,high
6.7,28.0,38,8,156.0,55.0,80.0,26.0,105.0,60.0,9.0,32.0,1674,high
12.0,32.0,39,9,159.0,54.0,70.0,20.0,110.0,70.0,12.2,36.0,1675,high
14.2,25.0,20,2,149.0,43.0,70.0,18.0,130.0,70.0,12.0,34.0,1677,high
12.9,27.0,30,5,159.0,59.0,70.0,18.0,123.0,78.0,11.0,36.0,1680,high
9.1,20.0,11,5,154.0,58.0,76.0,17.0,118.0,77.0,10.1,26.0,1681,high
15.3,20.0,17,1,157.0,50.0,76.0,17.0,113.0,74.0,15.0,26.0,1683,high
13.1,26.0,18,2,152.0,46.0,68.0,17.0,112.0,67.0,12.5,32.0,1686,low
12.2,28.0,32,8,160.0,62.0,80.0,20.0,130.0,70.0,13.0,32.0,1687,high
12.0,4.0,26,2,149.0,41.0,84.0,22.0,110.0,70.0,12.2,16.0,1690,high
11.9,9.0,35,6,157.0,82.0,70.0,18.0,123.0,78.0,14.6,14.0,1691,high
13.0,12.0,22,2,154.0,67.0,74.0,18.0,110.0,90.0,13.3,25.0,1693,high
11.6,24.0,19,4,156.0,60.0,78.0,16.0,111.0,64.0,12.6,28.0,1696,high
9.9,21.0,22,3,152.0,52.0,86.0,,100.0,60.0,10.2,27.0,1699,high
12.5,27.0,24,9,175.0,76.0,72.0,,110.0,60.0,13.0,32.0,1701,high
13.2,12.0,24,3,151.0,67.0,80.0,20.0,124.0,79.0,11.5,16.0,1706,low
8.5,21.0,44,7,155.0,63.0,72.0,,98.0,68.0,10.9,29.0,1711,high
11.2,24.0,22,3,172.0,56.0,,,134.0,64.0,11.8,28.0,1714,high
13.4,20.0,27,2,160.0,61.0,,,105.0,76.0,12.7,25.0,1715,low
10.6,21.0,32,2,166.0,54.0,72.0,18.0,100.0,60.0,10.9,28.0,1717,high
8.9,20.0,17,3,156.0,47.0,75.0,18.0,110.0,63.0,8.4,24.0,1719,high
11.6,17.0,22,3,169.0,45.0,72.0,18.0,120.0,66.0,10.0,24.0,1720,high
10.0,21.0,22,2,176.0,57.0,72.0,18.0,130.0,70.0,12.1,24.0,1721,high
5.5,6.0,42,11,156.0,65.0,70.0,18.0,110.0,72.0,8.1,23.0,1737,high
14.2,17.0,19,2,161.0,50.0,72.0,18.0,115.0,63.0,16.3,22.0,1742,high
11.2,23.0,29,5,158.0,52.0,80.0,20.0,96.0,57.0,10.2,27.0,1743,high
13.7,20.0,19,3,154.0,58.0,86.0,18.0,120.0,70.0,13.7,24.0,1749,low
15.1,18.0,28,3,168.0,53.0,,,104.0,58.0,13.7,22.0,1752,low
10.4,15.0,20,2,160.0,63.0,74.0,16.0,120.0,66.0,11.9,19.0,1759,high
13.4,25.0,11,3,165.0,62.0,,,109.0,63.0,15.5,29.0,1760,low
15.0,16.0,21,2,168.0,53.0,76.0,16.0,99.0,60.0,15.0,20.0,1764,high
11.0,20.0,21,2,150.0,44.5,70.0,20.0,110.0,70.0,11.0,24.0,1766,high
8.7,14.0,22,3,145.0,42.0,92.0,18.0,134.0,88.0,8.9,19.0,1772,high
13.4,25.0,20,2,176.0,55.0,76.0,18.0,98.0,60.0,9.6,28.0,1802,low
10.9,18.0,17,1,131.0,51.9,78.0,16.0,115.0,70.0,10.5,24.0,1804,high
10.8,23.0,18,2,163.0,58.0,98.0,22.0,99.0,60.0,11.8,29.0,1811,high
10.0,11.0,21,2,171.0,57.0,74.0,20.0,110.0,71.0,10.0,19.0,1812,high
13.8,16.0,24,1,146.0,50.0,94.0,20.0,102.0,76.0,14.0,22.0,1813,low
10.2,19.0,30,3,149.0,50.0,90.0,20.0,114.0,70.0,11.1,24.0,1821,high
11.4,20.0,41,7,147.0,47.0,72.0,18.0,106.0,65.0,11.5,24.0,1823,high
8.6,16.0,28,2,163.0,57.0,79.0,18.0,111.0,67.0,8.4,20.0,1831,high
11.6,25.0,20,2,163.0,51.0,92.0,16.0,110.0,60.0,11.8,28.0,1838,high
13.0,19.0,47,2,163.0,72.0,84.0,20.0,101.0,65.0,13.5,24.0,1841,low
10.9,28.0,21,2,159.0,84.0,76.0,20.0,110.0,60.0,11.0,32.0,1843,high
12.6,26.0,17,3,161.0,48.0,63.0,20.0,118.0,75.0,11.8,32.0,1846,high
11.0,20.0,30,3,154.0,56.0,,,90.0,55.0,12.0,25.0,1847,high
12.2,18.0,41,5,158.0,53.0,97.0,,120.0,80.0,13.0,21.0,1848,high
11.9,20.0,24,2,152.0,50.0,68.0,16.0,118.0,75.0,11.6,24.0,1849,high
14.0,27.0,21,2,155.0,55.0,64.0,16.0,112.0,65.0,13.8,31.0,1850,low
11.0,26.0,19,1,152.0,52.0,64.0,19.0,112.0,67.0,13.3,30.0,1851,high
14.0,32.0,20,2,141.0,56.0,76.0,17.0,112.0,67.0,13.6,36.0,1852,low
12.8,20.0,18,1,154.0,58.0,68.0,16.0,118.0,79.0,12.1,24.0,1853,low
9.2,28.0,32,4,153.0,64.0,63.0,17.0,112.0,67.0,9.4,32.0,1854,high
13.3,28.0,32,7,165.0,62.0,76.0,20.0,122.0,79.0,12.1,31.0,1855,high
11.6,28.0,22,3,153.0,49.0,63.0,16.0,113.0,74.0,13.4,33.0,1856,high
18.0,27.0,32,8,153.0,51.0,76.0,19.0,112.0,67.0,15.8,31.0,1857,high
13.3,34.0,21,3,174.0,53.0,63.0,19.0,116.0,67.0,12.1,38.0,1858,low
11.6,32.0,28,6,158.0,65.0,63.0,16.0,113.0,74.0,12.1,36.0,1861,high
7.9,20.0,16,1,132.0,50.0,68.0,16.0,112.0,71.0,7.9,24.0,1862,high
7.7,20.0,32,6,159.0,62.0,67.0,18.0,111.0,61.0,7.7,28.0,1870,high
11.1,31.0,38,5,175.0,57.0,76.0,20.0,100.0,70.0,10.3,35.0,1872,high
11.6,14.0,29,6,168.0,61.0,,,106.0,71.0,10.8,19.0,1876,high
14.7,24.0,26,3,165.0,58.0,68.0,16.0,115.0,67.0,13.7,28.0,1880,low
14.3,29.0,20,2,149.0,49.0,76.0,17.0,112.0,69.0,13.9,33.0,1881,high
10.7,14.0,17,3,163.0,50.5,68.0,18.0,120.0,70.0,11.2,28.0,1887,high
10.0,18.0,35,4,155.0,60.0,84.0,22.0,100.0,69.0,10.3,29.0,1908,high
13.4,13.0,32,3,166.0,75.0,74.0,16.0,105.0,60.0,13.2,17.0,1912,high
9.9,29.0,31,3,155.0,62.0,72.0,18.0,100.0,70.0,9.7,33.0,1917,high
10.3,27.0,25,1,165.0,62.0,74.0,18.0,100.0,60.0,11.3,31.0,1919,high
8.8,16.0,19,3,130.0,51.0,76.0,18.0,121.0,70.0,10.4,20.0,1921,high
13.1,13.0,23,3,133.0,44.0,74.0,18.0,109.0,73.0,12.6,16.0,1923,low
9.5,16.0,21,2,135.0,60.0,72.0,18.0,113.0,74.0,10.3,20.0,1927,high
12.2,12.0,27,3,145.0,61.0,75.0,20.0,110.0,90.0,10.7,17.0,1930,low
13.2,6.0,22,1,157.0,59.0,72.0,18.0,110.0,70.0,12.9,15.0,1931,low
13.5,16.0,31,5,160.0,77.0,76.0,20.0,95.0,55.0,11.0,21.0,1934,high
11.5,11.0,22,2,160.0,58.0,69.0,,90.0,60.0,12.5,18.0,1940,high
12.5,13.0,22,3,133.0,60.0,72.0,,95.0,58.0,11.5,17.0,1945,high
8.2,20.0,21,3,146.0,51.7,74.0,,107.0,72.0,9.0,24.0,1947,high
10.5,12.0,17,3,166.0,43.5,102.0,,108.0,63.0,10.3,16.0,1957,high
10.6,24.0,23,1,175.0,20.0,88.0,18.0,119.0,65.0,10.5,37.0,1958,high
10.7,32.0,38,3,169.0,78.0,102.0,,103.0,76.0,11.0,37.0,1961,high
9.7,24.0,20,2,158.0,55.5,78.0,16.0,123.0,61.0,11.0,28.0,1973,high
11.7,30.0,42,8,160.0,57.0,82.0,18.0,95.0,60.0,7.0,35.0,1975,high
13.9,24.0,18,2,180.0,48.0,63.0,19.0,112.0,61.0,14.2,28.0,1988,high
13.8,28.0,41,11,158.0,58.0,76.0,19.0,122.0,79.0,14.1,32.0,1989,high
15.3,28.0,22,2,130.0,46.0,63.0,17.0,113.0,74.0,14.8,32.0,1990,low
12.0,20.0,34,3,168.0,65.0,74.0,18.0,110.0,70.0,11.6,24.0,1992,high
13.7,33.0,22,2,143.0,52.0,63.0,16.0,112.0,67.0,12.6,37.0,1995,high
6.8,24.0,11,1,151.0,40.0,102.0,23.0,103.0,49.0,8.7,29.0,2003,high
13.8,21.0,27,3,141.0,70.0,119.0,21.0,102.0,62.0,10.1,36.0,2006,low
9.4,25.0,26,2,165.0,49.0,102.0,21.0,103.0,49.0,9.4,29.0,2007,high
10.1,16.0,18,3,178.0,57.0,102.0,19.0,129.0,68.0,9.1,30.0,2011,high
8.0,28.0,17,1,165.0,52.0,76.0,17.0,112.0,67.0,12.1,34.0,2017,high
12.8,24.0,33,6,156.0,56.0,63.0,16.0,112.0,67.0,13.7,28.0,2019,high
9.8,26.0,24,2,155.0,49.0,65.0,20.0,118.0,76.0,8.3,30.0,2020,high
14.0,13.0,25,4,158.0,68.0,,,126.0,76.0,13.0,18.0,2021,high
10.2,32.0,24,2,160.0,50.0,72.0,16.0,100.0,70.0,9.6,36.0,2028,high
12.3,16.0,17,3,179.0,55.0,74.0,18.0,110.0,76.0,11.8,20.0,2029,low
10.5,20.0,29,3,156.0,88.0,72.0,18.0,100.0,60.0,11.0,24.0,2030,high
10.7,20.0,27,2,175.0,65.0,74.0,18.0,112.0,79.0,11.0,24.0,2031,high
9.7,13.0,34,2,166.0,57.0,80.0,17.0,115.0,76.0,10.7,34.0,2034,high
11.2,17.0,24,3,156.0,60.0,74.0,18.0,122.0,74.0,11.8,21.0,2036,high
9.2,11.0,27,3,156.0,61.0,92.0,18.0,117.0,76.0,10.1,15.0,2037,high
8.9,30.0,21,2,147.0,56.0,92.0,18.0,122.0,74.0,9.2,34.0,2038,high
12.2,10.0,19,1,154.0,54.0,74.0,20.0,122.0,78.0,12.6,14.0,2040,high
11.0,12.0,23,2,155.0,45.0,90.0,18.0,117.0,76.0,11.3,16.0,2043,high
14.0,11.0,38,3,168.0,47.0,,,110.0,70.0,12.8,19.0,2048,low
16.9,16.0,35,3,157.0,62.0,,,97.0,70.0,13.8,22.0,2050,high
13.5,29.0,20,2,143.0,50.0,63.0,17.0,112.0,76.0,13.3,31.0,2061,low
9.5,16.0,33,3,158.0,60.0,72.0,16.0,110.0,64.0,10.5,20.0,2063,high
12.0,20.0,24,1,135.0,51.0,75.0,18.0,133.0,74.0,9.8,24.0,2064,low
10.0,20.0,27,3,172.0,56.0,68.0,16.0,100.0,60.0,12.0,28.0,2066,high
12.2,16.0,27,2,135.0,67.0,102.0,19.0,123.0,67.0,12.2,24.0,2068,low
9.2,24.0,32,4,153.0,56.0,70.0,20.0,126.0,71.0,10.5,28.0,2073,high
11.1,18.0,42,7,151.0,53.0,68.0,20.0,112.0,69.0,10.6,22.0,2077,high
12.4,20.0,24,2,154.0,56.0,80.0,18.0,115.0,70.0,12.2,28.0,2079,low
10.2,24.0,21,2,156.0,60.0,74.0,20.0,123.0,78.0,11.0,29.0,2085,high
16.0,11.0,39,3,167.0,84.0,72.0,,112.0,77.0,16.7,16.0,2093,high
10.4,20.0,40,7,170.0,56.5,72.0,,110.0,70.0,9.4,28.0,2101,high
11.2,16.0,39,6,156.0,52.0,72.0,16.0,120.0,60.0,9.8,20.0,2102,high
11.1,9.0,21,1,137.0,80.0,76.0,18.0,108.0,52.0,12.2,13.0,2103,high
13.1,20.0,24,1,166.0,56.0,74.0,18.0,111.0,67.0,13.6,24.0,2104,high
8.6,17.0,26,2,173.0,85.0,75.0,18.0,115.0,68.0,9.6,24.0,2105,high
6.4,24.0,16,3,150.0,55.9,76.0,16.0,100.0,60.0,5.7,31.0,2106,high
13.7,24.0,26,4,153.0,50.0,68.0,17.0,112.0,67.0,14.4,28.0,2108,low
13.9,28.0,25,3,158.0,49.0,65.0,17.0,114.0,78.0,13.5,32.0,2109,high
12.2,32.0,34,4,160.0,64.0,68.0,16.0,113.0,74.0,14.5,36.0,2111,low
12.2,28.0,40,10,165.0,55.0,68.0,16.0,113.0,74.0,12.5,32.0,2113,high
14.9,32.0,28,5,156.0,63.0,63.0,17.0,112.0,67.0,13.3,36.0,2114,high
14.6,32.0,39,8,159.0,65.0,68.0,16.0,118.0,75.0,13.9,36.0,2115,high
17.5,28.0,27,5,162.0,63.0,66.0,19.0,113.0,74.0,15.6,32.0,2116,high
14.6,30.0,29,5,165.0,66.0,63.0,17.0,122.0,78.0,13.8,34.0,2117,high
10.3,16.0,32,4,157.0,59.0,68.0,18.0,116.0,82.0,10.0,20.0,2119,high
12.0,23.0,22,4,152.0,58.0,80.0,18.0,92.0,60.0,11.2,26.0,2121,low
10.6,29.0,41,6,156.0,57.0,70.0,18.0,120.0,70.0,14.0,33.0,2123,high
12.4,31.0,25,2,152.0,77.0,74.0,18.0,116.0,80.0,10.5,36.0,2124,low
10.5,14.0,21,3,140.0,50.4,74.0,18.0,99.0,62.0,11.1,19.0,2126,high
12.5,16.0,24,2,153.0,50.0,72.0,18.0,115.0,77.0,10.8,20.0,2128,low
12.0,21.0,25,2,158.0,50.0,76.0,20.0,127.0,71.0,11.0,25.0,2129,low
12.6,23.0,22,2,165.0,56.0,70.0,18.0,115.0,60.0,11.2,24.0,2130,low
10.2,26.0,29,5,157.0,51.5,73.0,18.0,139.0,80.0,10.2,30.0,2131,high
10.2,22.0,33,4,158.0,53.4,93.0,20.0,99.0,61.0,10.4,27.0,2133,high
9.4,20.0,21,1,168.0,65.0,102.0,19.0,103.0,49.0,10.7,24.0,2137,high
11.8,20.0,16,3,136.0,58.0,,,118.0,72.0,12.7,25.0,2141,high
10.0,16.0,21,3,167.0,47.0,70.0,18.0,102.0,67.0,10.0,24.0,2142,high
10.3,27.0,22,3,130.0,60.0,122.0,12.0,93.0,62.0,10.1,32.0,2148,high
12.0,18.0,42,4,152.0,70.5,70.0,18.0,101.0,62.0,10.6,22.0,2152,low
11.1,27.0,29,4,153.0,62.1,68.0,19.0,108.0,80.0,11.0,32.0,2153,high
10.5,16.0,19,2,164.0,42.0,68.0,19.0,110.0,63.0,10.3,24.0,2155,high
13.0,10.0,26,3,168.0,66.0,94.0,20.0,104.0,63.0,14.0,19.0,2173,low
13.0,12.0,11,3,156.0,45.0,,,111.0,76.0,13.3,16.0,2186,high
12.4,10.0,32,3,159.0,53.0,,,96.0,62.0,12.0,14.0,2187,high
11.6,11.0,23,2,156.0,50.0,80.0,20.0,100.0,60.0,11.2,26.0,2192,high
13.0,7.0,22,3,163.0,53.7,76.0,18.0,115.0,60.0,11.2,27.0,2198,low
7.8,26.0,36,9,159.0,65.0,72.0,20.0,122.0,74.0,7.3,31.0,2200,high
9.2,15.0,26,3,152.0,51.0,90.0,18.0,117.0,76.0,9.5,19.0,2203,high
8.8,20.0,33,5,153.0,76.0,96.0,16.0,114.0,60.0,10.1,24.0,2204,high
11.8,15.0,34,3,146.0,76.0,69.0,,110.0,60.0,11.9,21.0,2206,high
9.0,22.0,18,2,179.0,44.0,69.0,,100.0,70.0,10.0,27.0,2208,high
10.1,11.0,20,1,149.0,53.0,78.0,20.0,110.0,60.0,11.6,20.0,2211,high
7.7,24.0,26,3,164.0,56.0,82.0,20.0,109.0,63.0,8.9,28.0,2214,high
17.7,24.0,24,2,178.0,58.0,76.0,17.0,118.0,79.0,17.2,28.0,2225,low
11.8,33.0,30,4,164.0,63.0,86.0,16.0,106.0,65.0,10.7,36.0,2226,high
8.7,16.0,15,3,135.0,55.0,73.0,18.0,120.0,63.0,8.9,20.0,2229,high
8.7,17.0,17,3,137.0,56.0,86.0,18.0,90.0,70.0,9.5,35.0,2235,high
12.0,28.0,22,2,134.0,48.0,68.0,17.0,117.0,79.0,13.3,32.0,2240,low
10.0,12.0,30,3,159.0,50.0,,,98.0,62.0,12.0,16.0,2241,high
9.8,29.0,33,1,174.0,68.0,69.0,18.0,123.0,71.0,10.6,33.0,2258,high
13.3,31.0,34,3,159.0,58.0,68.0,16.0,113.0,74.0,13.6,35.0,2259,low
14.6,34.0,29,1,162.0,57.0,76.0,17.0,112.0,67.0,13.3,36.0,2265,high
12.1,31.0,25,2,149.0,60.0,77.0,16.0,113.0,67.0,12.7,36.0,2267,low
9.9,17.0,20,3,163.0,48.0,92.0,20.0,114.0,70.0,11.7,24.0,2271,high
11.9,20.0,28,3,164.0,46.0,74.0,18.0,121.0,68.0,11.5,29.0,2277,high
12.1,15.0,18,1,161.0,60.0,84.0,,100.0,60.0,12.2,24.0,2291,low
9.6,13.0,22,1,147.0,59.0,84.0,16.0,112.0,74.0,9.1,18.0,2298,high
7.1,19.0,24,3,147.0,59.0,102.0,18.0,112.0,62.0,6.3,28.0,2299,high
9.8,28.0,22,1,170.0,53.0,88.0,16.0,118.0,60.0,14.2,31.0,2300,high
11.3,16.0,28,3,137.0,52.0,77.0,18.0,110.0,68.0,11.3,32.0,2301,high
10.9,24.0,36,2,144.0,66.5,67.0,18.0,118.0,71.0,10.4,39.0,2302,high
13.0,16.0,35,1,160.0,42.5,73.0,18.0,95.0,60.0,7.0,28.0,2305,low
14.0,5.0,29,2,133.0,54.0,77.0,18.0,130.0,77.0,12.3,17.0,2308,low
11.2,10.0,19,1,172.0,50.4,67.0,18.0,129.0,75.0,9.8,25.0,2309,high
12.3,24.0,26,1,148.0,58.8,87.0,17.0,107.0,61.0,11.6,32.0,2310,low
10.4,20.0,11,1,139.0,56.5,72.0,20.0,103.0,55.0,12.4,29.0,2311,high
11.0,25.0,22,3,150.0,76.0,86.0,16.0,110.0,80.0,7.2,30.0,2320,high
7.4,28.0,28,1,174.0,52.5,86.0,16.0,123.0,77.0,11.6,34.0,2330,high
11.9,20.0,26,3,142.0,70.0,76.0,16.0,100.0,65.0,11.7,24.0,2337,high
14.0,12.0,18,3,163.0,59.6,76.0,18.0,112.0,62.0,12.7,17.0,2338,low
10.9,24.0,25,3,163.0,60.0,70.0,18.0,100.0,60.0,10.3,28.0,2341,high
9.4,22.0,37,1,165.0,67.7,81.0,20.0,97.0,56.0,12.6,27.0,2346,high
13.3,28.0,18,3,169.0,52.0,63.0,17.0,113.0,74.0,12.7,32.0,2349,low
11.6,32.0,18,1,159.0,50.0,68.0,19.0,113.0,74.0,12.1,36.0,2350,high
12.0,28.0,19,3,166.0,56.0,65.0,16.0,113.0,74.0,12.1,32.0,2351,low
11.4,22.0,18,1,175.0,48.0,63.0,19.0,110.0,66.0,12.1,30.0,2353,high
12.2,18.0,20,1,167.0,60.0,86.0,20.0,120.0,80.0,11.3,22.0,2354,low
10.0,16.0,24,2,167.0,50.0,73.0,18.0,113.0,69.0,11.7,24.0,2364,high
9.7,24.0,27,1,168.0,61.4,67.0,18.0,117.0,70.0,11.3,36.0,2365,high
7.2,28.0,24,2,163.0,55.0,67.0,18.0,110.0,59.0,8.4,34.0,2367,high
11.5,20.0,25,2,141.0,46.0,80.0,20.0,120.0,70.0,11.5,24.0,2369,high
10.8,20.0,21,3,165.0,54.0,82.0,18.0,100.0,60.0,10.4,26.0,2370,high
10.3,26.0,21,2,169.0,58.0,76.0,18.0,105.0,60.0,11.2,28.0,2373,high
11.4,30.0,19,1,158.0,58.0,63.0,16.0,112.0,67.0,13.3,35.0,2379,high
15.2,30.0,24,3,177.0,64.0,69.0,17.0,112.0,87.0,14.9,34.0,2381,low
13.3,28.0,29,1,164.0,68.0,63.0,19.0,113.0,74.0,12.7,32.0,2383,low
13.4,32.0,37,1,172.0,66.0,76.0,19.0,118.0,77.0,13.6,36.0,2385,low
10.3,28.0,11,3,159.0,52.0,,19.0,112.0,67.0,11.6,32.0,2390,high
8.7,26.0,19,2,164.0,59.0,72.0,16.0,98.0,58.0,8.9,30.0,2392,high
10.0,20.0,21,1,167.0,43.0,72.0,18.0,100.0,60.0,10.2,31.0,2393,high
11.1,13.0,22,3,140.0,56.0,72.0,18.0,110.0,70.0,8.7,19.0,2396,high
8.9,27.0,26,2,134.0,53.0,72.0,18.0,110.0,60.0,9.0,32.0,2397,high
8.6,16.0,27,3,134.0,46.0,72.0,18.0,108.0,60.0,9.3,31.0,2398,high
13.4,32.0,26,1,144.0,58.0,68.0,17.0,113.0,67.0,13.3,36.0,2404,low
11.3,31.0,18,2,172.0,60.0,76.0,19.0,113.0,67.0,12.1,36.0,2406,high
13.0,24.0,28,2,175.0,74.0,78.0,16.0,114.0,62.0,10.3,28.0,2433,low
12.1,7.0,25,1,145.0,42.0,82.0,16.0,116.0,70.0,9.9,16.0,2434,low
10.8,18.0,25,1,150.0,76.0,72.0,18.0,120.0,70.0,12.3,21.0,2435,high
13.2,19.0,22,2,152.0,80.0,72.0,16.0,117.0,67.0,12.0,20.0,2437,low
11.3,23.0,18,3,166.0,58.0,80.0,18.0,110.0,60.0,10.6,32.0,2440,high
11.0,20.0,18,2,147.0,64.0,75.0,18.0,130.0,81.0,9.8,24.0,2444,high
12.0,22.0,24,2,152.0,60.0,75.0,18.0,110.0,70.0,10.0,27.0,2446,low
9.1,26.0,30,1,166.0,63.0,78.0,16.0,118.0,72.0,9.5,38.0,2449,high
11.6,20.0,20,2,160.0,63.0,72.0,16.0,111.0,60.0,9.2,26.0,2462,high
9.8,16.0,20,2,140.0,60.0,,16.0,107.0,63.0,10.2,20.0,2463,high
12.1,20.0,22,2,142.0,60.0,72.0,16.0,102.0,72.0,11.3,26.0,2464,low
10.8,31.0,28,2,161.0,80.0,98.0,16.0,115.0,70.0,10.8,36.0,2466,high
8.0,12.0,23,2,146.0,59.5,69.0,18.0,100.0,52.0,9.2,24.0,2467,high
10.0,21.0,18,2,175.0,70.0,78.0,18.0,104.0,60.0,9.3,28.0,2475,high
10.3,20.0,30,2,165.0,59.0,102.0,,136.0,64.0,9.5,24.0,2480,high
12.0,24.0,36,3,167.0,63.0,74.0,18.0,110.0,70.0,12.3,28.0,2483,high
11.2,16.0,20,2,133.0,56.0,70.0,18.0,117.0,58.0,11.5,21.0,2484,high
14.5,20.0,20,3,163.0,62.5,80.0,20.0,105.0,59.0,11.0,28.0,2485,low
12.3,21.0,20,1,137.0,45.8,68.0,20.0,107.0,60.0,12.0,27.0,2486,low
10.3,14.0,22,1,173.0,58.3,80.0,20.0,103.0,67.0,11.2,28.0,2488,high
12.2,20.0,27,2,141.0,55.6,68.0,20.0,100.0,60.0,11.8,24.0,2489,low
10.3,21.0,22,3,163.0,65.0,76.0,18.0,99.0,61.0,11.0,30.0,2492,high
10.8,20.0,17,3,168.0,50.5,90.0,18.0,116.0,72.0,10.9,24.0,2493,high
10.8,25.0,22,2,163.0,61.0,70.0,19.0,114.0,67.0,12.2,30.0,2494,high
11.2,15.0,19,3,148.0,54.0,74.0,18.0,119.0,89.0,12.0,28.0,2500,high
10.6,25.0,30,1,137.0,55.0,75.0,18.0,110.0,67.0,12.0,28.0,2502,high
9.6,26.0,16,2,131.0,66.0,,16.0,110.0,60.0,8.6,31.0,2504,high
9.7,16.0,22,1,180.0,50.0,72.0,16.0,89.0,65.0,9.5,20.0,2506,high
12.0,12.0,20,1,135.0,86.0,96.0,16.0,110.0,70.0,12.0,20.0,2511,low
10.8,24.0,36,1,177.0,78.0,76.0,20.0,110.0,60.0,11.8,28.0,2513,high
9.3,26.0,28,2,147.0,83.0,78.0,18.0,99.0,60.0,7.5,31.0,2514,high
10.4,16.0,21,3,175.0,50.0,78.0,18.0,110.0,80.0,7.4,25.0,2515,high
12.2,24.0,19,1,152.0,58.0,70.0,19.0,112.0,62.0,11.2,28.0,2516,low
10.3,14.0,20,2,170.0,57.8,68.0,18.0,120.0,67.0,10.3,30.0,2518,high
12.0,21.0,16,3,171.0,55.0,68.0,19.0,100.0,60.0,11.2,30.0,2519,low
10.8,22.0,36,3,173.0,54.0,80.0,20.0,100.0,60.0,11.0,34.0,2520,high
10.8,20.0,22,3,133.0,54.0,68.0,20.0,120.0,67.0,11.0,28.0,2521,high
11.2,20.0,17,3,161.0,51.0,70.0,18.0,114.0,67.0,11.2,26.0,2522,high
11.2,25.0,22,3,169.0,60.5,70.0,19.0,114.0,60.0,11.0,29.0,2523,high
11.0,12.0,21,1,162.0,49.0,76.0,20.0,113.0,73.0,11.4,14.0,2524,high
11.4,7.0,20,1,152.0,45.0,84.0,16.0,102.0,65.0,9.2,16.0,2525,high
12.6,18.0,35,1,174.0,53.0,102.0,,109.0,63.0,12.6,22.0,2534,low
10.4,21.0,24,2,148.0,61.0,80.0,18.0,99.0,60.0,10.2,26.0,2539,high
10.3,28.0,27,1,154.0,71.0,80.0,18.0,110.0,80.0,10.3,32.0,2550,high
8.9,17.0,21,2,165.0,55.0,,,110.0,70.0,9.9,23.0,2551,high
9.3,20.0,16,3,172.0,51.5,80.0,18.0,120.0,70.0,10.6,24.0,2553,high
12.0,24.0,20,1,174.0,58.0,,,110.0,70.0,12.8,29.0,2555,low
9.8,27.0,18,1,144.0,57.0,76.0,19.0,113.0,67.0,10.9,33.0,2557,high
13.3,27.0,22,2,174.0,58.0,68.0,19.0,112.0,67.0,13.3,33.0,2558,low
8.5,29.0,36,1,178.0,65.0,76.0,17.0,112.0,67.0,10.3,34.0,2559,high
15.1,32.0,22,1,144.0,58.0,76.0,19.0,113.0,74.0,15.2,36.0,2560,low
11.1,20.0,17,3,152.0,52.0,70.0,18.0,120.0,70.0,10.3,28.0,2572,high
10.1,18.0,21,3,163.0,49.5,68.0,18.0,110.0,70.0,11.2,19.0,2573,high
8.5,32.0,23,3,163.0,60.0,70.0,20.0,111.0,64.0,8.5,36.0,2574,high
11.2,16.0,30,3,151.0,52.0,84.0,20.0,125.0,75.0,10.5,24.0,2579,high
10.8,16.0,23,2,134.0,50.5,84.0,16.0,101.0,54.0,10.6,24.0,2582,high
6.7,24.0,36,1,149.0,55.5,80.0,18.0,106.0,64.0,7.0,32.0,2583,high
10.5,28.0,32,2,138.0,51.0,80.0,19.0,123.0,65.0,10.8,36.0,2587,high
9.2,22.0,24,2,178.0,58.0,80.0,20.0,116.0,61.0,10.1,28.0,2593,high
14.0,16.0,35,1,148.0,55.0,86.0,20.0,115.0,77.0,14.0,30.0,2596,low
15.6,27.0,26,3,133.0,58.0,76.0,17.0,112.0,70.0,14.2,31.0,2597,low
11.6,30.0,18,2,141.0,55.0,68.0,16.0,113.0,74.0,13.3,34.0,2598,high
13.8,28.0,18,2,168.0,60.0,75.0,17.0,113.0,67.0,13.3,32.0,2599,low
13.0,19.0,36,1,146.0,65.0,,,100.0,65.0,11.7,24.0,2604,low
8.8,20.0,44,3,156.0,83.0,89.0,20.0,114.0,60.0,10.0,24.0,2612,high
12.2,24.0,37,3,174.0,70.0,68.0,18.0,112.0,69.0,12.0,28.0,2617,high
13.5,28.0,32,2,138.0,52.0,76.0,,110.0,70.0,13.9,34.0,2618,low
8.6,12.0,23,1,161.0,61.0,122.0,,107.0,84.0,10.6,14.0,2645,high
11.9,18.0,18,1,135.0,48.0,81.0,19.0,118.0,68.0,11.7,22.0,2657,high
12.1,16.0,22,3,152.0,56.0,80.0,18.0,123.0,78.0,11.8,25.0,2658,low
7.2,32.0,26,3,172.0,57.0,74.0,20.0,114.0,76.0,10.1,36.0,2661,high
11.6,4.0,25,1,155.0,50.0,74.0,18.0,118.0,70.0,11.8,22.0,2664,high
8.6,16.0,29,3,161.0,70.0,92.0,20.0,119.0,60.0,10.5,24.0,2665,high
9.6,17.0,24,3,162.0,55.0,80.0,16.0,107.0,61.0,10.2,20.0,2667,high
13.6,14.0,18,2,149.0,62.0,78.0,20.0,113.0,65.0,13.0,21.0,2671,high
13.3,35.0,23,1,132.0,58.0,76.0,16.0,112.0,79.0,12.1,39.0,2682,low
9.5,25.0,19,2,150.0,49.7,70.0,18.0,120.0,70.0,12.2,29.0,2683,high
12.5,24.0,30,1,162.0,63.4,70.0,20.0,112.0,70.0,11.6,27.0,2687,low
11.6,19.0,17,3,154.0,53.8,80.0,18.0,106.0,64.0,11.2,32.0,2690,high
12.2,21.0,19,3,150.0,50.0,70.0,20.0,100.0,60.0,11.0,33.0,2692,low
12.2,26.0,20,3,168.0,53.0,80.0,18.0,115.0,60.0,11.2,30.0,2694,low
13.4,17.0,24,1,146.0,50.0,74.0,18.0,119.0,80.0,15.3,21.0,2697,low
12.0,21.0,23,1,174.0,74.0,74.0,18.0,121.0,70.0,9.1,25.0,2698,low
12.4,20.0,19,3,158.0,60.0,70.0,18.0,110.0,70.0,12.0,24.0,2699,low
13.0,20.0,18,3,168.0,54.0,76.0,20.0,130.0,70.0,12.9,24.0,2702,low
12.7,35.0,31,3,143.0,68.0,72.0,18.0,130.0,81.0,13.2,37.0,2703,low
9.4,21.0,31,3,140.0,54.0,72.0,18.0,125.0,68.0,9.4,25.0,2704,high
11.5,20.0,30,3,135.0,70.0,75.0,20.0,80.0,65.0,11.9,24.0,2706,high
11.9,19.0,20,1,131.0,56.0,72.0,18.0,126.0,60.0,12.4,24.0,2707,high
13.0,5.0,31,2,168.0,60.0,,,140.0,65.0,11.0,16.0,2719,high
10.7,24.0,39,2,178.0,59.0,110.0,,114.0,53.0,10.5,28.0,2722,high
10.5,24.0,26,3,161.0,60.0,76.0,16.0,115.0,65.0,11.2,28.0,2727,high
11.3,9.0,43,2,140.0,40.0,69.0,,106.0,64.0,11.5,12.0,2741,high
10.0,20.0,24,3,165.0,56.0,68.0,16.0,98.0,55.0,10.0,28.0,2755,high
11.0,20.0,25,3,135.0,56.0,72.0,16.0,100.0,60.0,13.0,28.0,2756,high
11.0,24.0,19,2,140.0,60.0,68.0,16.0,100.0,60.0,10.8,28.0,2757,high
10.0,24.0,21,2,170.0,54.0,68.0,22.0,100.0,60.0,10.8,28.0,2758,high
11.0,24.0,19,2,132.0,60.0,68.0,16.0,100.0,60.0,11.0,28.0,2759,high
10.9,17.0,18,3,168.0,49.0,76.0,18.0,118.0,69.0,11.2,30.0,2769,high
11.4,19.0,22,2,178.0,61.5,68.0,19.0,119.0,63.0,10.8,26.0,2770,high
11.2,19.0,25,3,138.0,68.0,70.0,20.0,100.0,60.0,12.2,32.0,2771,high
11.0,28.0,35,3,168.0,59.0,70.0,19.0,100.0,57.0,11.2,32.0,2772,high
10.5,28.0,31,2,132.0,65.0,74.0,18.0,110.0,70.0,11.2,33.0,2775,high
11.5,19.0,18,1,174.0,51.0,72.0,18.0,97.0,55.0,9.8,23.0,2776,high
11.2,24.0,18,2,146.0,58.0,68.0,18.0,118.0,72.0,11.8,28.0,2778,high
11.6,20.0,16,2,137.0,51.0,,,130.0,65.0,11.3,25.0,2779,high
12.2,20.0,26,2,135.0,56.0,78.0,18.0,120.0,76.0,12.5,24.0,2788,low
10.1,24.0,20,2,151.0,41.0,74.0,18.0,114.0,70.0,11.0,28.0,2790,high
12.8,28.0,45,2,157.0,68.0,80.0,18.0,115.0,60.0,11.2,32.0,2791,low
11.2,27.0,32,1,176.0,53.0,70.0,19.0,130.0,84.0,13.0,31.0,2793,high
12.0,24.0,31,3,162.0,60.0,74.0,18.0,112.0,67.0,12.4,28.0,2794,low
13.2,26.0,25,1,161.0,87.0,68.0,19.0,128.0,73.0,12.6,30.0,2795,low
11.7,19.0,21,1,176.0,52.0,74.0,19.0,117.0,76.0,9.9,24.0,2799,high
10.7,22.0,30,1,173.0,58.0,,18.0,93.0,55.0,11.6,27.0,2807,high
11.8,12.0,20,1,160.0,66.0,74.0,16.0,122.0,72.0,11.2,16.0,2809,high
12.1,18.0,17,1,132.0,54.0,68.0,20.0,111.0,64.0,11.2,24.0,2815,low
10.6,13.0,28,3,176.0,65.0,76.0,,115.0,72.0,10.0,17.0,2820,high
13.0,19.0,23,2,177.0,63.0,,,109.0,72.0,12.0,27.0,2825,low
12.3,20.0,27,2,164.0,67.0,,,127.0,72.0,12.0,26.0,2828,low
12.4,14.0,17,2,155.0,71.5,80.0,20.0,120.0,70.0,12.2,23.0,2829,low
13.0,28.0,19,2,172.0,51.0,68.0,18.0,82.0,64.0,12.5,31.0,2831,low
14.0,6.0,24,1,130.0,55.0,,,104.0,63.0,11.7,10.0,2832,low
11.5,24.0,18,2,143.0,49.0,68.0,17.0,118.0,77.0,12.6,28.0,2834,high
13.3,25.0,31,2,170.0,62.0,63.0,16.0,112.0,69.0,14.4,29.0,2835,low
11.0,20.0,17,1,140.0,50.0,80.0,19.0,110.0,70.0,10.1,24.0,2839,high
11.0,13.0,23,2,169.0,49.0,74.0,18.0,115.0,70.0,11.0,16.0,2842,high
12.4,16.0,20,1,142.0,46.0,102.0,,110.0,70.0,9.9,24.0,2844,low
8.8,28.0,20,1,134.0,68.0,84.0,18.0,110.0,60.0,9.8,32.0,2845,high
11.4,35.0,30,1,163.0,74.0,119.0,,118.0,74.0,12.2,36.0,2848,high
10.7,20.0,33,1,158.0,68.3,69.0,20.0,113.0,61.0,11.4,28.0,2849,high
11.1,12.0,33,3,142.0,60.0,119.0,,109.0,61.0,7.6,20.0,2850,high
8.5,29.0,19,1,155.0,46.0,119.0,,90.0,60.0,8.8,32.0,2855,high
7.5,28.0,33,1,150.0,86.0,102.0,,112.0,70.0,6.7,32.0,2856,high
10.9,29.0,23,1,155.0,66.0,112.0,,111.0,68.0,10.9,33.0,2858,high
8.5,34.0,25,1,164.0,50.0,102.0,,96.0,54.0,11.3,36.0,2859,high
10.9,26.0,27,1,135.0,51.0,119.0,,126.0,71.0,11.3,33.0,2862,high
12.0,19.0,22,3,161.0,49.0,,,100.0,50.0,11.0,27.0,2867,low
11.6,15.0,40,3,132.0,60.0,78.0,18.0,116.0,64.0,11.2,19.0,2873,high
8.7,30.0,21,2,154.0,53.0,70.0,18.0,120.0,70.0,8.9,32.0,2874,high
11.3,24.0,17,3,130.0,52.0,70.0,20.0,112.0,62.0,11.2,28.0,2880,high
10.0,22.0,20,3,134.0,64.5,70.0,20.0,120.0,70.0,11.2,26.0,2883,high
11.2,21.0,24,3,154.0,77.0,68.0,20.0,112.0,69.0,12.2,25.0,2887,high
11.2,22.0,39,1,164.0,53.9,80.0,18.0,98.0,54.0,12.6,23.0,2888,high
11.2,8.0,23,3,150.0,70.0,70.0,20.0,124.0,79.0,11.0,12.0,2892,high
11.2,24.0,20,2,169.0,80.0,68.0,20.0,100.0,60.0,10.1,37.0,2895,high
11.7,12.0,20,2,147.0,64.5,89.0,,127.0,77.0,9.8,17.0,2898,high
11.2,22.0,25,3,163.0,66.0,70.0,20.0,122.0,68.0,11.2,26.0,2902,high
11.2,24.0,30,3,151.0,58.0,80.0,18.0,120.0,70.0,10.8,27.0,2903,high
11.9,8.0,19,2,168.0,54.0,74.0,16.0,110.0,70.0,7.0,20.0,2905,high
11.5,17.0,27,3,166.0,90.0,74.0,18.0,133.0,86.0,11.2,22.0,2908,high
10.0,20.0,24,1,145.0,60.0,74.0,18.0,110.0,70.0,10.1,28.0,2909,high
10.5,17.0,21,2,136.0,43.0,72.0,18.0,120.0,70.0,10.0,22.0,2910,high
11.0,15.0,35,1,130.0,65.0,74.0,18.0,137.0,80.0,10.7,20.0,2911,high
10.2,18.0,27,3,152.0,79.0,76.0,18.0,132.0,80.0,10.6,26.0,2912,high
10.3,30.0,21,3,169.0,75.0,72.0,18.0,116.0,77.0,11.0,34.0,2913,high
9.8,12.0,28,3,158.0,56.0,76.0,18.0,95.0,60.0,8.4,24.0,2914,high
10.7,16.0,25,2,166.0,52.0,80.0,18.0,125.0,68.0,10.0,20.0,2923,high
10.7,26.0,21,3,142.0,55.0,80.0,20.0,120.0,70.0,11.1,30.0,2924,high
10.4,24.0,22,2,178.0,55.0,74.0,18.0,139.0,81.0,10.3,32.0,2926,high
11.1,16.0,22,1,168.0,54.0,72.0,18.0,96.0,57.0,10.6,20.0,2927,high
10.9,18.0,21,1,153.0,55.0,72.0,18.0,116.0,76.0,11.9,24.0,2928,high
10.2,13.0,19,1,143.0,42.0,72.0,18.0,100.0,60.0,9.7,19.0,2929,high
11.9,18.0,45,1,164.0,73.0,74.0,18.0,100.0,60.0,11.6,26.0,2931,high
10.1,24.0,33,1,149.0,71.0,77.0,16.0,116.0,61.0,13.5,28.0,2932,high
11.9,13.0,31,3,155.0,49.0,84.0,20.0,101.0,54.0,10.4,16.0,2936,high
7.1,18.0,30,2,136.0,52.0,98.0,18.0,99.0,50.0,8.8,20.0,2939,high
10.5,24.0,37,2,148.0,71.0,98.0,18.0,110.0,80.0,7.2,28.0,2942,high
9.4,23.0,20,1,139.0,68.0,86.0,16.0,114.0,68.0,11.3,27.0,2949,high
11.0,20.0,20,3,140.0,48.0,88.0,16.0,111.0,70.0,11.7,24.0,2950,high
10.0,23.0,28,2,164.0,60.0,93.0,18.0,104.0,68.0,8.5,27.0,2953,high
13.0,24.0,24,2,153.0,56.0,86.0,16.0,120.0,60.0,13.0,28.0,2954,low
12.9,10.0,25,3,165.0,61.0,92.0,18.0,110.0,65.0,12.2,21.0,2962,low
8.4,12.0,25,2,150.0,60.0,90.0,18.0,119.0,70.0,10.9,28.0,2963,high
14.0,29.0,30,2,176.0,80.5,80.0,18.0,130.0,85.0,10.0,36.0,2968,low
12.2,17.0,27,2,158.0,39.0,72.0,18.0,115.0,80.0,11.6,41.0,2972,low
10.6,19.0,37,1,168.0,40.0,74.0,16.0,110.0,60.0,11.5,23.0,2973,high
12.2,24.0,17,1,166.0,48.0,70.0,20.0,120.0,70.0,10.3,28.0,2975,low
11.2,24.0,24,1,162.0,52.0,68.0,19.0,112.0,76.0,10.9,26.0,2976,high
12.9,10.0,32,3,133.0,62.0,80.0,18.0,108.0,60.0,11.2,28.0,2978,low
10.3,22.0,17,2,142.0,55.2,70.0,19.0,119.0,67.0,11.0,25.0,2982,high
10.7,24.0,31,2,161.0,47.1,70.0,20.0,114.0,64.0,11.2,28.0,2985,high
13.5,27.0,32,2,132.0,60.0,82.0,18.0,105.0,83.0,11.0,28.0,3001,low
12.5,24.0,26,3,153.0,65.0,75.0,18.0,113.0,65.0,11.4,28.0,3002,low
10.3,8.0,27,1,134.0,51.0,122.0,,122.0,64.0,11.0,31.0,3003,high
9.6,23.0,29,3,149.0,50.0,70.0,20.0,115.0,60.0,10.4,26.0,3008,high
9.2,20.0,19,1,164.0,69.0,74.0,18.0,115.0,62.0,11.2,24.0,3010,high
11.2,21.0,30,3,128.0,60.0,80.0,18.0,120.0,70.0,11.2,28.0,3011,high
10.2,16.0,34,3,163.0,58.0,72.0,18.0,110.0,70.0,10.6,20.0,3012,high
10.1,23.0,28,1,166.0,70.0,70.0,18.0,135.0,72.0,10.5,26.0,3013,high
8.0,24.0,35,3,168.0,54.5,70.0,20.0,111.0,72.0,11.0,29.0,3014,high
10.8,18.0,24,2,140.0,60.0,88.0,18.0,108.0,65.0,12.2,20.0,3022,high
10.3,20.0,25,3,135.0,51.0,123.0,,123.0,67.0,10.5,24.0,3024,high
10.5,24.0,45,3,148.0,44.0,102.0,,108.0,63.0,9.9,28.0,3025,high
13.2,6.0,32,1,153.0,63.0,72.0,,114.0,74.0,11.6,15.0,3027,low
11.1,20.0,41,3,154.0,67.0,122.0,,110.0,70.0,10.8,31.0,3064,high
12.0,9.0,35,1,165.0,65.0,102.0,,110.0,70.0,11.5,27.0,3066,high
10.5,21.0,28,1,135.0,54.0,119.0,,103.0,65.0,10.5,25.0,3068,high
10.3,26.0,26,1,130.0,52.0,102.0,,100.0,60.0,11.9,30.0,3070,high
10.0,37.0,19,3,133.0,60.0,80.0,18.0,113.0,62.0,11.2,39.0,3071,high
11.9,6.0,40,2,165.0,52.0,,,110.0,72.0,12.0,8.0,3076,high
10.0,20.0,19,3,176.0,54.0,70.0,18.0,133.0,75.0,10.3,24.0,3083,high
11.0,8.0,37,1,151.0,48.0,74.0,16.0,100.0,60.0,9.5,16.0,3084,high
9.8,19.0,23,1,145.0,52.0,72.0,18.0,117.0,74.0,10.8,29.0,3085,high
9.3,20.0,29,2,158.0,56.0,72.0,18.0,97.0,61.0,11.5,28.0,3086,high
10.1,16.0,30,3,157.0,50.0,80.0,20.0,100.0,60.0,10.6,20.0,3087,high
12.0,16.0,17,2,144.0,57.0,75.0,18.0,110.0,60.0,14.8,20.0,3088,high
10.7,20.0,19,1,158.0,56.0,70.0,20.0,121.0,65.0,10.1,28.0,3090,high
12.4,21.0,33,3,164.0,74.0,72.0,18.0,117.0,69.0,13.0,26.0,3091,high
12.4,23.0,20,3,135.0,59.0,72.0,18.0,132.0,73.0,12.0,26.0,3092,low
10.3,26.0,24,2,140.0,52.0,72.0,18.0,100.0,60.0,11.3,30.0,3093,high
10.0,22.0,31,2,144.0,47.0,75.0,18.0,100.0,70.0,10.8,27.0,3094,high
10.5,16.0,19,3,130.0,62.0,80.0,18.0,118.0,72.0,11.2,20.0,3095,high
11.2,20.0,47,2,149.0,52.0,80.0,20.0,115.0,60.0,10.3,24.0,3097,high
13.9,19.0,28,2,170.0,54.0,81.0,18.0,100.0,87.0,12.0,25.0,3103,low
10.5,30.0,20,1,133.0,60.0,82.0,17.0,122.0,79.0,11.5,38.0,3104,high
6.7,22.0,40,2,162.0,48.0,74.0,16.0,111.0,64.0,6.5,24.0,3120,high
8.7,24.0,17,3,144.0,42.0,68.0,20.0,102.0,63.0,7.9,28.0,3135,high
10.0,20.0,17,2,145.0,56.0,80.0,18.0,100.0,60.0,10.0,30.0,3138,high
11.9,14.0,24,2,131.0,42.0,74.0,18.0,104.0,64.0,9.3,19.0,3141,high
8.6,28.0,17,2,147.0,51.0,80.0,16.0,120.0,65.0,9.6,32.0,3142,high
12.3,15.0,19,3,143.0,50.0,74.0,18.0,119.0,66.0,12.0,19.0,3143,low
13.4,18.0,24,3,134.0,55.0,72.0,18.0,125.0,66.0,10.3,26.0,3144,low
10.7,21.0,23,1,135.0,48.0,74.0,20.0,99.0,52.0,10.9,25.0,3146,high
11.3,16.0,24,3,133.0,51.0,69.0,18.0,103.0,57.0,11.0,24.0,3149,high
11.4,17.0,20,2,150.0,51.0,72.0,16.0,107.0,71.0,11.4,22.0,3152,high
9.0,16.0,31,2,159.0,47.0,72.0,18.0,110.0,70.0,6.8,20.0,3153,high
8.3,21.0,32,1,137.0,55.0,72.0,18.0,110.0,70.0,9.2,25.0,3155,high
11.1,22.0,22,1,178.0,54.0,81.0,18.0,108.0,68.0,10.8,28.0,3164,high
12.9,31.0,32,1,149.0,58.0,68.0,19.0,113.0,74.0,13.3,35.0,3168,low
9.9,28.0,18,3,159.0,60.0,64.0,19.0,112.0,67.0,11.0,32.0,3169,high
12.1,29.0,21,3,175.0,50.0,76.0,17.0,113.0,67.0,11.9,33.0,3170,low
9.9,15.0,28,1,176.0,55.0,90.0,20.0,117.0,76.0,9.5,19.0,3171,high
14.2,25.0,21,3,142.0,58.0,63.0,19.0,113.0,78.0,13.9,29.0,3175,low
13.5,28.0,11,3,157.0,54.0,68.0,17.0,113.0,74.0,13.2,32.0,3178,low
10.7,18.0,29,1,135.0,50.0,90.0,20.0,114.0,70.0,11.2,25.0,3179,high
12.6,11.0,25,2,154.0,61.0,68.0,17.0,113.0,74.0,13.7,15.0,3180,low
14.7,32.0,24,2,132.0,54.0,68.0,19.0,112.0,67.0,13.5,36.0,3181,low
11.6,32.0,33,3,141.0,62.0,63.0,19.0,112.0,67.0,11.2,36.0,3183,high
10.1,20.0,17,1,131.0,47.0,70.0,18.0,107.0,59.0,7.5,24.0,3190,high
10.1,20.0,21,3,168.0,66.0,70.0,18.0,100.0,60.0,11.2,24.0,3192,high
10.0,24.0,25,3,168.0,58.0,70.0,18.0,118.0,72.0,10.3,28.0,3194,high
10.7,20.0,19,3,138.0,58.0,70.0,18.0,116.0,69.0,10.6,24.0,3195,high
13.5,28.0,32,1,149.0,65.0,63.0,19.0,112.0,67.0,12.1,32.0,3197,low
13.1,24.0,21,2,149.0,58.0,76.0,16.0,113.0,74.0,13.3,28.0,3198,low
12.1,24.0,17,2,161.0,58.0,76.0,19.0,118.0,75.0,13.6,28.0,3199,low
7.0,16.0,20,2,136.0,58.0,122.0,,124.0,65.0,10.0,31.0,3204,high
11.0,21.0,33,3,177.0,96.0,102.0,,102.0,80.0,9.7,30.0,3205,high
10.5,20.0,33,3,169.0,54.0,102.0,,97.0,55.0,8.2,31.0,3206,high
12.2,24.0,34,3,175.0,69.0,119.0,,123.0,63.0,7.7,28.0,3207,low
11.0,24.0,31,3,139.0,74.0,72.0,22.0,116.0,82.0,12.0,28.0,3209,high
10.5,20.0,27,3,152.0,65.0,72.0,18.0,120.0,66.0,11.0,24.0,3212,high
11.2,22.0,33,2,132.0,49.0,80.0,22.0,100.0,70.0,10.5,26.0,3213,high
11.3,28.0,29,2,157.0,58.0,72.0,18.0,115.0,62.0,11.8,37.0,3214,high
11.0,24.0,32,3,164.0,57.0,74.0,18.0,114.0,79.0,11.0,30.0,3216,high
10.7,28.0,36,2,163.0,55.0,72.0,18.0,113.0,74.0,10.5,32.0,3217,high
12.7,15.0,28,3,148.0,56.0,76.0,18.0,118.0,65.0,13.0,19.0,3222,low
10.9,24.0,18,3,136.0,68.0,72.0,18.0,130.0,70.0,11.8,28.0,3224,high
11.0,16.0,20,3,168.0,50.0,70.0,18.0,120.0,70.0,10.5,20.0,3234,high
10.3,24.0,28,2,167.0,60.0,70.0,18.0,103.0,67.0,10.1,28.0,3239,high
12.6,12.0,19,3,128.0,52.5,70.0,19.0,100.0,60.0,11.0,26.0,3242,low
11.2,26.0,30,3,168.0,54.0,70.0,20.0,120.0,70.0,10.3,27.0,3271,high
12.0,24.0,35,1,139.0,56.4,70.0,20.0,100.0,60.0,11.6,28.0,3272,low
11.2,21.0,22,3,130.0,69.0,102.0,,103.0,49.0,12.1,25.0,3273,high
12.1,28.0,18,3,171.0,52.0,67.0,16.0,112.0,67.0,13.0,32.0,3275,low
12.1,28.0,21,2,157.0,60.0,67.0,19.0,112.0,67.0,11.6,32.0,3276,low
16.6,31.0,32,3,164.0,65.0,76.0,19.0,112.0,67.0,15.7,35.0,3277,low
11.0,27.0,38,1,161.0,68.0,80.0,18.0,120.0,70.0,11.0,31.0,3278,high
15.2,25.0,20,3,139.0,54.0,68.0,17.0,113.0,74.0,14.8,29.0,3279,low
11.3,21.0,26,1,177.0,61.0,80.0,20.0,100.0,60.0,12.2,34.0,3282,high
15.1,25.0,22,3,148.0,63.0,78.0,19.0,112.0,67.0,15.7,29.0,3283,low
11.0,24.0,35,3,138.0,61.0,68.0,20.0,106.0,60.0,11.2,32.0,3284,high
12.1,29.0,21,3,131.0,58.0,68.0,16.0,114.0,60.0,11.9,33.0,3285,low
13.9,15.0,25,3,174.0,53.0,,,101.0,69.0,12.0,19.0,3287,low
11.1,18.0,37,3,132.0,57.0,,,107.0,68.0,11.7,22.0,3288,high
16.5,28.0,26,1,164.0,70.0,68.0,16.0,112.0,67.0,15.3,32.0,3291,low
13.7,24.0,26,2,168.0,51.0,68.0,19.0,113.0,74.0,13.6,28.0,3294,low
12.6,34.0,28,1,139.0,62.0,76.0,16.0,112.0,67.0,13.0,38.0,3298,low
12.5,26.0,30,2,166.0,54.0,76.0,16.0,116.0,65.0,11.7,30.0,3300,low
12.2,19.0,25,3,140.0,50.0,74.0,19.0,110.0,68.0,11.3,24.0,3301,low
11.4,20.0,21,1,140.0,63.0,92.0,,112.0,64.0,10.0,26.0,3317,high
10.0,28.0,19,2,144.0,58.0,66.0,,112.0,65.0,12.0,33.0,3324,high
10.0,24.0,30,1,164.0,48.0,117.0,,90.0,70.0,10.6,29.0,3325,high
10.8,18.0,25,1,171.0,67.0,70.0,,130.0,86.0,9.9,31.0,3326,high
9.0,18.0,20,1,138.0,48.0,70.0,20.0,110.0,62.0,12.2,30.0,3328,high
10.3,17.0,25,2,139.0,44.5,102.0,,109.0,64.0,11.0,21.0,3329,high
11.2,18.0,39,1,158.0,60.0,70.0,20.0,123.0,64.0,10.8,28.0,3330,high
12.8,24.0,26,2,161.0,56.0,91.0,,95.0,60.0,13.1,37.0,3331,low
11.4,31.0,20,1,154.0,54.0,100.0,,135.0,75.0,11.0,35.0,3332,high
13.5,24.0,26,3,40.0,57.6,68.0,20.0,110.0,65.0,11.2,28.0,3333,low
6.6,37.0,21,1,134.0,52.0,101.0,20.0,122.0,64.0,10.8,41.0,3338,high
8.1,25.0,31,1,137.0,52.0,101.0,19.0,89.0,56.0,8.6,29.0,3342,high
11.5,24.0,23,1,150.0,46.0,102.0,,114.0,65.0,12.2,28.0,3353,high
13.6,20.0,18,3,180.0,57.0,102.0,,117.0,67.0,12.5,24.0,3356,low
11.6,20.0,22,1,168.0,64.0,102.0,,109.0,70.0,14.8,21.0,3358,high
13.2,16.0,24,1,134.0,51.0,72.0,18.0,90.0,60.0,13.7,20.0,3362,low
13.0,12.0,30,1,155.0,63.0,74.0,18.0,102.0,64.0,11.9,16.0,3365,low
10.0,14.0,16,3,177.0,58.0,72.0,18.0,111.0,70.0,11.0,18.0,3366,high
10.5,18.0,20,2,175.0,42.0,76.0,18.0,119.0,70.0,9.8,25.0,3367,high
14.0,22.0,25,1,167.0,65.0,74.0,18.0,132.0,60.0,13.6,26.0,3369,high
12.5,29.0,32,1,137.0,58.0,68.0,19.0,113.0,74.0,13.3,33.0,3373,low
13.4,27.0,32,1,159.0,54.0,68.0,16.0,122.0,78.0,12.1,31.0,3375,low
12.7,27.0,27,3,177.0,51.0,67.0,17.0,112.0,62.0,12.6,31.0,3378,low
13.3,24.0,21,2,151.0,58.0,76.0,19.0,113.0,74.0,11.6,28.0,3379,low
16.1,22.0,21,2,150.0,56.0,76.0,16.0,113.0,74.0,16.2,26.0,3381,low
12.1,25.0,30,3,130.0,67.6,70.0,18.0,119.0,65.0,11.2,34.0,3382,low
10.6,12.0,29,2,127.0,55.5,70.0,20.0,100.0,60.0,11.0,28.0,3383,high
11.2,16.0,18,3,118.0,52.0,68.0,18.0,120.0,70.0,11.3,23.0,3384,high
10.9,6.0,29,3,128.0,70.0,70.0,20.0,111.0,65.0,12.2,30.0,3385,high
11.7,26.0,25,1,166.0,62.7,68.0,18.0,100.0,62.0,10.4,30.0,3386,high
10.7,14.0,24,3,169.0,63.0,102.0,,120.0,81.0,10.3,20.0,3389,high
10.8,29.0,29,2,169.0,76.0,99.0,,112.0,66.0,12.3,35.0,3391,high
10.3,32.0,22,3,133.0,59.0,123.0,,90.0,60.0,11.3,40.0,3394,high
9.4,20.0,22,1,168.0,57.8,72.0,16.0,134.0,72.0,10.7,24.0,3398,high
12.1,20.0,20,1,141.0,54.0,78.0,16.0,116.0,67.0,12.8,24.0,3412,low
13.5,29.0,29,1,152.0,60.0,76.0,16.0,113.0,74.0,13.2,33.0,3413,low
15.0,25.0,11,2,173.0,54.0,69.0,17.0,112.0,67.0,11.0,30.0,3417,low
12.7,31.0,18,1,179.0,68.0,,,116.0,67.0,12.8,35.0,3423,low
13.8,18.0,32,2,130.0,64.0,79.0,19.0,119.0,77.0,12.3,22.0,3430,low
9.9,20.0,25,3,171.0,50.0,68.0,19.0,112.0,67.0,12.1,24.0,3441,high
13.7,29.0,19,1,170.0,52.0,76.0,16.0,112.0,67.0,14.6,33.0,3442,low
13.0,25.0,17,3,143.0,56.0,68.0,17.0,113.0,74.0,12.6,28.0,3443,low
13.4,18.0,29,2,130.0,64.0,76.0,19.0,112.0,67.0,13.7,22.0,3451,low
15.0,24.0,18,3,179.0,51.0,67.0,16.0,115.0,89.0,15.1,28.0,3453,low
11.9,27.0,30,3,135.0,62.0,68.0,16.0,113.0,67.0,12.6,31.0,3455,high
15.8,28.0,20,3,163.0,59.0,77.0,20.0,113.0,74.0,15.6,32.0,3459,low
12.2,24.0,23,3,148.0,46.9,68.0,18.0,90.0,60.0,12.6,32.0,3473,high
10.6,16.0,31,1,164.0,58.0,112.0,,100.0,65.0,10.6,18.0,3476,high
11.6,32.0,39,1,162.0,62.0,66.0,17.0,113.0,74.0,13.7,36.0,3477,high
7.8,24.0,24,2,140.0,46.5,83.0,20.0,104.0,58.0,8.0,28.0,3490,high
10.3,35.0,38,2,175.0,55.0,122.0,,126.0,62.0,9.9,38.0,3500,high
16.0,25.0,25,2,144.0,54.0,62.0,17.0,112.0,67.0,16.6,29.0,3508,low
10.0,27.0,22,2,151.0,50.0,63.0,16.0,112.0,67.0,12.6,31.0,3509,high
10.9,24.0,20,1,142.0,52.0,80.0,20.0,103.0,64.0,10.5,28.0,3513,high
10.1,20.0,22,3,180.0,60.1,80.0,20.0,120.0,70.0,12.2,24.0,3514,high
13.3,23.0,40,1,161.0,55.0,,,99.0,62.0,11.0,28.0,3516,low
9.4,28.0,34,3,160.0,43.0,70.0,18.0,100.0,60.0,9.0,32.0,3526,high
11.5,21.0,39,1,156.0,56.0,70.0,18.0,120.0,70.0,11.0,25.0,3527,high
13.6,22.0,19,2,165.0,64.0,,,,,13.2,23.0,3533,low
11.2,20.0,24,3,160.0,58.0,68.0,18.0,120.0,70.0,11.0,24.0,3541,high
13.0,11.0,22,2,163.0,67.0,,,121.0,79.0,13.0,17.0,3542,low
13.5,24.0,11,3,131.0,51.0,63.0,17.0,116.0,78.0,13.9,28.0,3543,low
9.8,16.0,26,2,169.0,60.0,67.0,19.0,118.0,77.0,11.6,20.0,3544,high
11.2,24.0,20,3,151.0,58.0,67.0,19.0,113.0,74.0,12.8,28.0,3545,high
12.5,28.0,17,1,139.0,59.0,65.0,19.0,112.0,67.0,12.8,32.0,3546,low
10.3,28.0,18,2,154.0,53.0,102.0,,112.0,70.0,10.3,32.0,3547,high
12.0,28.0,20,2,170.0,54.0,69.0,,129.0,96.0,11.3,32.0,3572,low
14.9,29.0,20,1,179.0,54.0,63.0,16.0,113.0,74.0,13.9,33.0,3585,low
12.7,33.0,26,1,150.0,62.0,68.0,19.0,112.0,67.0,13.1,37.0,3587,low
13.3,32.0,27,2,163.0,61.0,63.0,17.0,115.0,65.0,11.6,36.0,3588,low
9.9,23.0,23,1,156.0,57.0,102.0,,100.0,62.0,9.6,33.0,3589,high
10.3,20.0,37,1,164.0,66.0,122.0,,124.0,68.0,10.3,26.0,3590,high
10.4,21.0,24,1,169.0,53.0,72.0,18.0,120.0,70.0,11.5,26.0,3598,high
9.6,20.0,30,3,139.0,70.0,73.0,18.0,120.0,73.0,8.2,30.0,3600,high
11.2,16.0,19,3,141.0,56.0,72.0,20.0,128.0,79.0,9.4,21.0,3604,high
11.7,19.0,26,3,169.0,67.0,72.0,18.0,121.0,70.0,11.2,31.0,3606,high
14.8,12.0,11,3,164.0,60.0,74.0,,131.0,69.0,14.4,16.0,3610,low
9.2,27.0,22,2,163.0,64.0,82.0,20.0,120.0,70.0,7.8,31.0,3615,high
11.6,13.0,36,1,138.0,71.5,74.0,20.0,96.0,56.0,12.3,19.0,3616,high
9.9,26.0,20,1,135.0,47.0,88.0,19.0,115.0,70.0,10.1,34.0,3630,high
9.7,24.0,22,2,146.0,54.5,82.0,18.0,99.0,55.0,10.2,36.0,3634,high
13.3,29.0,24,3,170.0,60.0,63.0,19.0,112.0,67.0,13.6,33.0,3637,low
14.8,26.0,25,2,139.0,61.0,76.0,17.0,112.0,67.0,14.6,30.0,3638,low
8.9,32.0,11,1,156.0,52.0,68.0,16.0,112.0,67.0,10.1,36.0,3639,high
12.9,29.0,37,3,152.0,58.0,76.0,19.0,113.0,74.0,13.1,33.0,3643,low
11.6,28.0,19,1,160.0,54.0,65.0,16.0,113.0,74.0,12.7,32.0,3646,high
14.2,33.0,43,3,145.0,62.0,77.0,16.0,114.0,63.0,14.8,37.0,3647,low
10.7,23.0,42,1,173.0,73.0,86.0,,113.0,69.0,10.3,27.0,3652,high
10.3,18.0,23,1,133.0,47.0,69.0,,110.0,70.0,9.8,22.0,3655,high
9.5,16.0,22,2,133.0,62.0,74.0,20.0,120.0,70.0,11.9,28.0,3664,high
12.0,24.0,22,1,151.0,69.0,,,105.0,68.0,11.7,29.0,3665,low
10.4,18.0,24,1,142.0,64.0,102.0,,99.0,58.0,12.2,27.0,3668,high
10.0,20.0,27,1,158.0,53.0,86.0,,105.0,65.0,9.0,32.0,3669,high
11.0,18.0,27,2,133.0,62.0,68.0,,105.0,61.0,9.3,22.0,3670,high
12.9,23.0,16,3,160.0,51.5,68.0,18.0,129.0,67.0,11.2,26.0,3677,low
12.9,19.0,29,3,160.0,49.0,70.0,20.0,116.0,77.0,12.2,23.0,3679,low
11.7,26.0,30,1,132.0,64.5,70.0,19.0,106.0,67.0,12.0,30.0,3680,high
13.3,26.0,33,2,176.0,63.0,68.0,16.0,113.0,69.0,14.0,30.0,3688,low
9.8,28.0,11,2,173.0,52.0,78.0,19.0,115.0,69.0,11.6,32.0,3689,high
11.3,30.0,31,1,136.0,54.0,68.0,18.0,103.0,60.0,12.0,32.0,3699,high
12.3,19.0,18,3,159.0,43.4,80.0,18.0,100.0,60.0,11.0,30.0,3702,low
11.2,26.0,23,3,132.0,45.3,80.0,17.0,100.0,60.0,7.7,32.0,3704,high
11.2,21.0,24,3,165.0,69.2,70.0,20.0,117.0,59.0,11.8,25.0,3705,high
12.2,21.0,27,2,138.0,64.3,70.0,18.0,106.0,60.0,11.6,28.0,3707,low
9.7,26.0,36,3,151.0,61.0,63.0,19.0,113.0,67.0,13.2,31.0,3708,high
11.6,30.0,19,2,166.0,59.0,68.0,17.0,112.0,67.0,12.6,34.0,3710,high
12.1,28.0,18,1,133.0,50.0,67.0,19.0,115.0,67.0,13.2,32.0,3711,low
12.1,6.0,22,1,152.0,59.0,86.0,,112.0,71.0,11.3,16.0,3716,low
13.8,24.0,20,3,172.0,53.0,68.0,19.0,112.0,67.0,13.3,28.0,3719,low
13.8,24.0,30,3,130.0,58.0,76.0,19.0,118.0,75.0,14.0,28.0,3720,low
13.9,10.0,19,1,162.0,66.0,90.0,20.0,107.0,66.0,11.3,26.0,3726,low
11.2,24.0,30,1,139.0,72.1,76.0,20.0,120.0,70.0,11.2,30.0,3738,high
11.7,25.0,36,3,151.0,84.0,76.0,19.0,112.0,64.0,11.2,32.0,3739,high
12.3,15.0,17,3,160.0,54.0,76.0,17.0,99.0,60.0,12.2,29.0,3740,low
12.3,28.0,23,3,130.0,51.3,70.0,19.0,102.0,56.0,12.2,32.0,3753,low
6.7,24.0,20,2,149.0,60.0,101.0,20.0,99.0,58.0,7.0,26.0,3773,high
10.9,22.0,34,3,143.0,60.0,90.0,19.0,116.0,79.0,9.9,27.0,3776,high
13.5,28.0,21,3,138.0,58.0,76.0,16.0,113.0,74.0,13.8,32.0,3782,high
14.2,21.0,17,3,168.0,54.0,71.0,17.0,118.0,77.0,14.8,26.0,3783,low
15.9,27.0,25,2,147.0,58.0,76.0,19.0,112.0,67.0,14.1,31.0,3784,low
14.2,31.0,33,3,138.0,64.0,67.0,19.0,112.0,67.0,13.8,35.0,3785,low
14.1,25.0,28,2,180.0,56.0,63.0,19.0,112.0,67.0,14.2,29.0,3786,low
11.5,11.0,18,2,132.0,48.0,87.0,,105.0,66.0,10.8,15.0,3788,high
12.5,8.0,31,3,163.0,52.0,89.0,,120.0,72.0,13.8,11.0,3791,high
13.0,26.0,23,2,139.0,59.0,68.0,19.0,112.0,67.0,13.9,30.0,3795,low
11.4,20.0,28,2,136.0,60.0,64.0,20.0,118.0,72.0,12.1,24.0,3797,high
12.1,30.0,19,3,174.0,58.0,75.0,17.0,113.0,74.0,13.4,34.0,3801,low
14.0,8.0,25,1,146.0,53.0,,,90.0,60.0,12.6,12.0,3802,low
11.2,12.0,25,2,156.0,48.0,85.0,20.0,118.0,66.0,11.3,36.0,3813,high
10.6,14.0,22,1,134.0,60.0,90.0,,121.0,61.0,9.9,19.0,3822,high
11.0,19.0,30,2,164.0,57.0,72.0,16.0,110.0,72.0,10.3,20.0,3843,high
10.5,15.0,30,3,131.0,47.0,72.0,16.0,110.0,72.0,11.0,21.0,3844,high
14.1,17.0,43,3,178.0,67.0,72.0,16.0,100.0,60.0,14.4,20.0,3845,low
11.0,27.0,41,3,150.0,61.0,72.0,20.0,110.0,60.0,11.0,31.0,3846,high
10.5,18.0,30,3,174.0,65.0,72.0,16.0,110.0,72.0,11.0,26.0,3847,high
11.0,17.0,28,1,162.0,58.0,72.0,16.0,100.0,60.0,10.3,22.0,3848,high
8.8,20.0,19,1,177.0,51.0,72.0,18.0,100.0,54.0,10.8,24.0,3850,high
11.3,32.0,39,2,148.0,89.0,78.0,18.0,117.0,72.0,11.9,38.0,3851,high
13.7,18.0,21,3,138.0,54.0,76.0,16.0,113.0,74.0,13.3,22.0,3858,low
13.8,24.0,20,2,146.0,58.0,68.0,20.0,118.0,75.0,14.0,28.0,3859,low
12.0,32.0,42,1,180.0,61.0,63.0,17.0,122.0,78.0,13.2,36.0,3865,low
13.9,24.0,20,2,149.0,54.0,63.0,16.0,112.0,67.0,13.3,28.0,3867,high
11.6,28.0,19,1,175.0,61.0,63.0,17.0,113.0,74.0,12.4,32.0,3868,high
12.7,20.0,29,3,146.0,56.0,102.0,,123.0,67.0,12.2,26.0,3878,low
12.7,20.0,25,2,178.0,65.0,102.0,,125.0,76.0,10.4,29.0,3879,low
8.4,20.0,31,2,162.0,51.0,,,110.0,70.0,11.0,26.0,3886,high
10.3,16.0,33,1,168.0,58.0,72.0,16.0,110.0,72.0,11.0,20.0,3888,high
12.5,8.0,35,3,151.0,49.0,72.0,16.0,110.0,60.0,11.0,28.0,3891,low
12.5,20.0,36,3,146.0,58.0,72.0,20.0,110.0,72.0,9.2,24.0,3892,low
11.0,19.0,24,2,161.0,58.0,72.0,16.0,100.0,60.0,8.8,24.0,3893,high
10.8,23.0,21,3,168.0,65.6,76.0,20.0,101.0,60.0,11.2,32.0,3895,high
11.8,6.0,36,3,168.0,52.0,68.0,20.0,98.0,60.0,11.0,28.0,3900,high
11.8,16.0,19,3,168.0,60.5,80.0,18.0,96.0,60.0,10.3,27.0,3913,high
11.2,23.0,18,3,168.0,54.8,70.0,19.0,106.0,65.0,11.0,28.0,3915,high
12.1,24.0,25,3,168.0,47.5,90.0,20.0,112.0,62.0,11.7,28.0,3916,low
11.6,27.0,30,3,151.0,57.4,70.0,20.0,111.0,64.0,10.3,32.0,3917,high
9.6,22.0,30,3,138.0,60.0,72.0,20.0,116.0,64.0,10.2,26.0,3920,high
14.0,19.0,20,1,163.0,48.0,72.0,20.0,100.0,60.0,9.7,28.0,3922,low
11.2,23.0,20,2,170.0,46.0,78.0,20.0,100.0,60.0,11.2,27.0,3923,high
12.5,24.0,26,3,164.0,88.0,72.0,20.0,100.0,60.0,12.0,27.0,3924,low
9.2,22.0,25,2,136.0,50.0,76.0,16.0,100.0,60.0,11.0,26.0,3925,high
10.3,15.0,28,3,147.0,58.0,72.0,20.0,120.0,73.0,11.0,29.0,3927,high
11.0,28.0,25,2,165.0,50.0,,,122.0,70.0,11.4,33.0,3931,high
11.2,16.0,19,2,179.0,56.0,72.0,20.0,100.0,60.0,10.8,24.0,3942,high
13.1,26.0,35,1,150.0,52.0,78.0,20.0,90.0,65.0,12.7,30.0,3943,low
9.8,15.0,24,2,152.0,37.0,72.0,16.0,100.0,60.0,9.8,22.0,3944,high
10.8,11.0,21,1,173.0,78.0,80.0,20.0,100.0,60.0,10.8,14.0,3945,high
10.8,14.0,25,1,177.0,76.0,72.0,20.0,100.0,60.0,10.8,18.0,3946,high
13.1,20.0,32,1,140.0,61.0,72.0,20.0,100.0,60.0,12.7,24.0,3947,low
10.8,16.0,19,1,165.0,69.0,72.0,20.0,100.0,60.0,11.2,20.0,3948,high
11.7,22.0,22,2,164.0,69.0,,,110.0,80.0,9.9,29.0,3949,high
16.1,22.0,22,3,170.0,58.0,63.0,16.0,112.0,67.0,15.8,26.0,3955,low
13.1,26.0,33,1,167.0,54.0,63.0,19.0,112.0,67.0,13.8,31.0,3956,low
13.3,21.0,25,1,150.0,58.0,68.0,19.0,118.0,77.0,12.8,25.0,3957,low
15.1,26.0,40,2,157.0,59.0,76.0,16.0,112.0,67.0,15.0,30.0,3960,low
12.3,30.0,32,2,152.0,61.0,76.0,16.0,112.0,67.0,12.6,34.0,3961,low
10.5,20.0,35,3,139.0,63.0,76.0,20.0,117.0,67.0,8.2,30.0,3969,high
7.9,20.0,38,2,173.0,81.0,98.0,,94.0,57.0,9.8,28.0,3974,high
13.9,12.0,37,3,157.0,91.0,98.0,,119.0,75.0,14.0,16.0,3975,low
11.3,20.0,19,1,162.0,51.0,102.0,,110.0,66.0,11.4,24.0,3976,high
15.0,17.0,30,2,135.0,58.0,,,100.0,60.0,13.0,25.0,3992,low
10.3,16.0,21,3,168.0,53.0,102.0,,123.0,69.0,11.2,28.0,3993,high
8.8,22.0,23,3,162.0,51.0,102.0,,110.0,58.0,8.7,34.0,3994,high
9.8,29.0,11,1,134.0,83.0,102.0,,120.0,64.0,9.8,35.0,3995,high
7.8,24.0,31,1,161.0,55.0,123.0,,99.0,88.0,7.6,27.0,3996,high
11.4,28.0,31,1,148.0,81.0,102.0,,113.0,86.0,10.3,32.0,3997,high
11.6,12.0,26,1,163.0,44.0,90.0,19.0,116.0,70.0,11.3,16.0,3998,high
13.0,22.0,29,1,155.0,70.0,72.0,18.0,130.0,71.0,13.2,32.0,4002,low
10.5,20.0,40,1,167.0,92.0,72.0,18.0,120.0,70.0,11.5,24.0,4003,high
10.8,24.0,25,2,180.0,60.0,68.0,16.0,100.0,60.0,11.0,28.0,4004,high
10.3,29.0,27,2,142.0,70.0,72.0,18.0,131.0,73.0,9.7,33.0,4005,high
10.1,22.0,21,2,175.0,51.0,72.0,20.0,132.0,72.0,9.3,27.0,4006,high
9.6,20.0,32,3,173.0,44.0,74.0,20.0,136.0,85.0,10.4,28.0,4007,high
10.0,20.0,25,1,163.0,67.0,72.0,18.0,120.0,70.0,11.1,28.0,4008,high
10.0,23.0,27,2,155.0,65.0,72.0,18.0,110.0,70.0,10.4,27.0,4012,high
11.4,18.0,16,2,149.0,55.0,86.0,,120.0,70.0,11.4,23.0,4014,high
8.6,16.0,24,1,147.0,54.0,90.0,19.0,120.0,70.0,12.5,24.0,4016,high
6.7,31.0,28,3,163.0,50.0,90.0,20.0,118.0,64.0,8.7,34.0,4020,high
10.5,28.0,27,1,140.0,47.0,74.0,18.0,100.0,60.0,11.0,31.0,4025,high
13.4,34.0,21,1,153.0,49.0,63.0,17.0,113.0,74.0,12.1,38.0,4026,low
12.0,15.0,19,1,131.0,58.0,88.0,26.0,117.0,69.0,12.5,19.0,4028,low
11.8,28.0,17,3,143.0,51.0,63.0,16.0,113.0,74.0,13.1,32.0,4030,high
11.4,26.0,30,2,159.0,55.0,61.0,16.0,112.0,67.0,12.0,30.0,4031,high
13.7,34.0,21,3,133.0,59.0,63.0,20.0,113.0,74.0,13.3,38.0,4032,low
11.0,26.0,34,1,166.0,59.0,119.0,,112.0,70.0,9.7,30.0,4034,high
10.6,30.0,28,3,140.0,71.0,102.0,,103.0,49.0,11.0,35.0,4035,high
11.0,24.0,21,2,144.0,61.0,102.0,,116.0,68.0,11.0,28.0,4037,high
10.3,26.0,18,1,142.0,66.1,76.0,20.0,115.0,60.0,11.0,30.0,4038,high
11.0,21.0,30,3,151.0,80.0,102.0,,105.0,60.0,11.0,31.0,4039,high
10.4,25.0,30,3,153.0,53.0,70.0,20.0,100.0,59.0,12.2,32.0,4043,high
12.3,19.0,16,3,168.0,46.4,70.0,18.0,100.0,60.0,12.6,26.0,4044,low
12.0,23.0,19,2,159.0,47.9,70.0,20.0,120.0,70.0,11.2,28.0,4045,low
12.0,18.0,18,3,168.0,55.0,70.0,20.0,108.0,60.0,10.3,30.0,4046,low
12.1,16.0,21,3,168.0,51.9,80.0,18.0,107.0,64.0,11.0,28.0,4047,low
12.9,7.0,18,3,168.0,53.3,70.0,20.0,100.0,60.0,11.2,26.0,4048,low
11.9,30.0,33,2,138.0,63.0,68.0,20.0,100.0,65.0,11.6,34.0,4049,high
11.8,18.0,24,3,168.0,58.0,70.0,19.0,114.0,67.0,11.2,30.0,4051,high
10.2,8.0,31,1,151.0,48.0,83.0,19.0,126.0,83.0,10.4,17.0,4052,high
12.7,17.0,34,3,168.0,60.3,70.0,19.0,120.0,70.0,11.2,26.0,4053,high
11.9,12.0,22,3,168.0,71.0,70.0,18.0,143.0,87.0,10.6,21.0,4055,high
11.8,26.0,22,2,172.0,61.8,70.0,20.0,113.0,62.0,11.7,30.0,4058,high
11.0,20.0,26,1,135.0,65.0,,,110.0,70.0,12.0,25.0,4064,high
10.9,24.0,30,3,180.0,65.0,72.0,17.0,103.0,57.0,10.9,35.0,4072,high
11.7,24.0,17,3,168.0,46.6,68.0,20.0,120.0,70.0,12.2,28.0,4076,high
10.3,28.0,21,2,135.0,46.0,102.0,,130.0,80.0,12.2,30.0,4080,high
8.7,18.0,22,3,162.0,51.0,96.0,,112.0,70.0,12.1,22.0,4083,high
12.5,11.0,11,3,176.0,60.0,98.0,,120.0,60.0,12.2,19.0,4084,low
11.1,9.0,29,3,178.0,63.0,98.0,,110.0,70.0,11.2,14.0,4085,high
10.1,21.0,22,1,162.0,70.0,74.0,,120.0,70.0,10.6,24.0,4086,high
10.7,21.0,37,1,141.0,65.0,89.0,,110.0,70.0,12.5,25.0,4087,high
14.1,28.0,22,1,157.0,59.0,63.0,17.0,114.0,68.0,14.2,32.0,4088,low
13.6,32.0,22,2,159.0,60.0,68.0,19.0,112.0,67.0,13.4,36.0,4089,high
13.0,26.0,20,2,130.0,54.0,74.0,17.0,110.0,66.0,13.4,30.0,4090,low
13.8,24.0,22,2,167.0,54.0,76.0,19.0,111.0,67.0,13.9,28.0,4091,low
13.6,27.0,20,1,136.0,59.0,63.0,17.0,113.0,74.0,13.8,31.0,4093,low
12.1,24.0,25,1,176.0,59.0,68.0,17.0,113.0,67.0,13.3,28.0,4094,low
10.5,16.0,22,2,149.0,54.0,101.0,19.0,101.0,64.0,10.6,24.0,4096,high
13.3,24.0,20,1,175.0,52.0,71.0,16.0,113.0,74.0,13.7,28.0,4097,low
13.8,30.0,21,1,159.0,51.0,76.0,17.0,112.0,67.0,13.3,34.0,4112,low
10.2,28.0,22,1,154.0,66.0,66.0,,133.0,77.0,10.3,32.0,4122,high
10.3,23.0,28,2,146.0,83.0,88.0,,128.0,64.0,11.0,28.0,4123,high
13.3,27.0,24,3,160.0,58.0,63.0,16.0,112.0,67.0,14.2,32.0,4124,low
12.6,24.0,18,2,174.0,53.0,68.0,19.0,112.0,67.0,13.7,28.0,4125,low
9.8,20.0,28,3,166.0,75.0,88.0,28.0,100.0,70.0,11.8,24.0,4129,high
15.1,28.0,18,1,168.0,58.0,76.0,16.0,112.0,67.0,14.8,32.0,4130,low
11.6,25.0,32,2,179.0,56.0,,,110.0,70.0,11.3,30.0,4136,high
12.9,19.0,29,1,167.0,66.0,,,110.0,70.0,14.0,24.0,4137,low
10.3,17.0,25,2,141.0,64.0,72.0,16.0,100.0,60.0,11.5,25.0,4149,high
9.8,16.0,20,1,141.0,59.0,80.0,16.0,90.0,65.0,9.8,26.0,4150,high
11.5,22.0,27,1,131.0,62.0,72.0,16.0,123.0,56.0,11.5,30.0,4151,high
10.5,18.0,26,3,173.0,55.0,72.0,22.0,110.0,66.0,11.5,27.0,4152,high
11.5,22.0,15,2,158.0,44.0,72.0,22.0,110.0,66.0,11.5,31.0,4153,high
10.6,18.0,28,1,131.0,65.0,72.0,16.0,110.0,66.0,10.6,26.0,4154,high
11.5,18.0,38,3,173.0,48.0,66.0,22.0,110.0,66.0,11.5,31.0,4155,high
11.5,25.0,29,2,170.0,47.0,72.0,16.0,110.0,66.0,11.5,29.0,4156,high
12.0,19.0,22,1,147.0,48.0,72.0,16.0,100.0,60.0,11.5,26.0,4157,low
11.8,20.0,22,2,147.0,45.0,72.0,18.0,92.0,62.0,11.1,24.0,4161,high
10.7,20.0,23,2,132.0,66.0,66.0,16.0,110.0,66.0,10.5,30.0,4162,high
11.5,20.0,20,3,174.0,48.0,66.0,16.0,121.0,56.0,10.7,26.0,4163,high
12.8,21.0,27,1,130.0,64.0,72.0,18.0,135.0,76.0,12.6,25.0,4165,low
11.2,17.0,20,1,139.0,60.0,72.0,18.0,126.0,88.0,10.1,21.0,4166,high
9.8,18.0,19,1,162.0,67.0,74.0,20.0,122.0,68.0,8.3,22.0,4168,high
10.6,16.0,23,2,156.0,52.0,72.0,16.0,110.0,66.0,10.3,24.0,4169,high
13.3,16.0,29,3,135.0,69.5,74.0,,110.0,70.0,11.3,22.0,4173,high
12.0,19.0,32,1,139.0,58.0,,,100.0,60.0,14.0,27.0,4177,high
9.6,33.0,24,2,167.0,60.0,,,93.0,54.0,9.6,37.0,4180,high
11.7,16.0,21,1,177.0,64.0,88.0,18.0,110.0,60.0,11.0,28.0,4189,high
10.0,16.0,24,1,154.0,54.0,92.0,20.0,105.0,60.0,12.5,20.0,4191,high
16.3,11.0,28,3,148.0,72.0,,,102.0,73.0,11.3,17.0,4198,high
13.2,26.0,25,1,153.0,50.0,72.0,18.0,104.0,64.0,8.2,30.0,4199,low
11.6,18.0,22,3,160.0,71.0,76.0,16.0,106.0,67.0,10.7,22.0,4200,high
11.7,22.0,17,2,143.0,54.0,74.0,18.0,110.0,70.0,12.3,36.0,4201,high
10.4,25.0,35,1,152.0,50.0,72.0,18.0,110.0,70.0,11.4,29.0,4202,high
14.4,26.0,18,2,131.0,62.0,68.0,17.0,111.0,67.0,14.6,30.0,4215,low
9.8,18.0,27,3,153.0,43.0,76.0,,105.0,54.0,12.0,23.0,4216,high
11.0,27.0,25,2,159.0,54.0,,,115.0,95.0,12.0,31.0,4227,high
11.5,18.0,27,2,177.0,70.0,,,113.0,79.0,11.4,23.0,4229,high
10.0,19.0,27,3,149.0,61.0,74.0,18.0,127.0,70.0,11.2,24.0,4235,high
9.1,24.0,38,3,152.0,64.0,72.0,18.0,110.0,70.0,9.2,28.0,4237,high
8.3,23.0,20,1,169.0,46.0,72.0,16.0,104.0,59.0,8.4,27.0,4238,high
11.0,20.0,17,1,179.0,60.0,68.0,16.0,100.0,60.0,10.8,28.0,4239,high
10.3,19.0,26,1,180.0,69.0,74.0,18.0,100.0,70.0,11.0,24.0,4240,high
11.4,13.0,21,1,140.0,43.0,76.0,,100.0,60.0,10.8,22.0,4244,high
11.8,20.0,17,1,166.0,51.0,62.0,17.0,112.0,67.0,12.1,24.0,4245,high
13.3,32.0,27,3,180.0,59.0,76.0,17.0,112.0,67.0,14.2,36.0,4252,low
13.3,26.0,16,3,164.0,58.0,78.0,17.0,112.0,67.0,13.6,30.0,4255,low
12.6,28.0,31,2,134.0,58.0,68.0,17.0,112.0,67.0,13.0,32.0,4256,low
9.4,16.0,36,2,155.0,85.8,76.0,,122.0,82.0,10.2,24.0,4259,high
13.0,22.0,25,2,135.0,61.0,,,110.0,70.0,13.4,27.0,4269,low
8.5,33.0,23,3,159.0,48.0,,,101.0,71.0,10.7,37.0,4276,high
12.7,11.0,15,1,138.0,58.0,72.0,18.0,125.0,65.0,10.9,12.0,4277,low
11.7,16.0,47,2,138.0,78.0,88.0,16.0,116.0,81.0,10.3,21.0,4288,high
12.8,10.0,25,2,149.0,56.0,,,122.0,85.0,12.8,19.0,4338,low
10.1,24.0,35,2,173.0,50.0,90.0,19.0,114.0,70.0,10.5,32.0,4342,high
10.3,30.0,34,3,180.0,67.0,102.0,,112.0,70.0,11.3,34.0,4344,high
13.9,9.0,32,3,159.0,50.0,,,120.0,74.0,11.7,15.0,4345,low
10.0,24.0,23,2,138.0,55.0,99.0,21.0,122.0,64.0,10.3,29.0,4348,high
8.6,15.0,32,3,157.0,65.0,68.0,,111.0,69.0,9.7,19.0,4356,high
7.5,31.0,21,3,158.0,68.0,92.0,16.0,113.0,69.0,7.9,34.0,4360,high
11.0,24.0,20,3,157.0,60.0,68.0,16.0,100.0,60.0,10.0,28.0,4361,high
12.0,28.0,19,3,152.0,59.0,67.0,17.0,111.0,67.0,13.3,32.0,4364,low
9.0,19.0,29,3,134.0,64.0,76.0,17.0,112.0,67.0,13.3,23.0,4368,high
9.8,15.0,21,3,138.0,47.0,74.0,,102.0,62.0,11.9,20.0,4374,high
13.6,6.0,27,3,144.0,60.0,76.0,,105.0,73.0,13.6,10.0,4376,low
11.0,20.0,25,1,132.0,61.0,102.0,22.0,101.0,61.0,12.0,24.0,4389,high
13.0,19.0,24,1,131.0,50.0,,,120.0,70.0,14.0,24.0,4404,low
9.9,11.0,22,2,171.0,50.0,,,112.0,61.0,11.9,24.0,4412,high
10.3,17.0,28,3,151.0,64.0,76.0,16.0,110.0,60.0,9.2,26.0,4417,high
12.5,21.0,17,2,161.0,51.0,72.0,16.0,110.0,60.0,11.9,28.0,4418,low
11.7,16.0,33,3,154.0,69.0,78.0,16.0,110.0,70.0,11.0,21.0,4419,high
11.9,16.0,34,2,133.0,83.0,72.0,18.0,110.0,72.0,10.3,26.0,4420,high
9.9,21.0,37,3,154.0,59.0,72.0,18.0,122.0,70.0,9.6,25.0,4421,high
9.5,26.0,29,1,149.0,46.0,75.0,16.0,110.0,80.0,8.1,30.0,4422,high
10.3,21.0,24,2,136.0,54.0,69.0,20.0,118.0,71.0,11.7,34.0,4423,high
13.8,26.0,22,1,144.0,87.0,78.0,18.0,128.0,75.0,12.5,36.0,4427,low
10.8,10.0,19,2,144.0,62.0,92.0,16.0,115.0,60.0,10.3,20.0,4428,high
13.6,16.0,25,1,173.0,55.0,70.0,20.0,100.0,60.0,12.3,21.0,4439,low
7.4,28.0,18,3,132.0,68.5,70.0,19.0,120.0,70.0,10.3,33.0,4442,high
12.6,11.0,21,2,174.0,89.5,68.0,20.0,120.0,70.0,10.8,28.0,4443,low
9.3,14.0,32,3,168.0,62.0,68.0,19.0,104.0,60.0,11.2,28.0,4444,high
8.8,15.0,29,2,153.0,41.0,70.0,19.0,100.0,60.0,12.2,30.0,4445,high
10.6,14.0,22,2,153.0,51.1,68.0,18.0,100.0,60.0,11.0,30.0,4446,high
11.0,16.0,27,2,138.0,65.0,72.0,16.0,100.0,60.0,11.0,36.0,4460,high
13.4,23.0,42,1,137.0,78.0,74.0,18.0,120.0,81.0,9.9,27.0,4461,low
10.0,22.0,11,3,167.0,43.0,74.0,18.0,110.0,70.0,10.0,26.0,4463,high
8.6,24.0,40,1,177.0,72.0,92.0,18.0,120.0,65.0,8.9,28.0,4469,high
10.6,18.0,21,3,131.0,54.0,95.0,19.0,110.0,73.0,8.2,28.0,4472,high
10.1,24.0,54,2,137.0,75.0,70.0,18.0,100.0,60.0,10.0,36.0,4480,high
10.3,22.0,24,3,164.0,64.0,70.0,20.0,120.0,70.0,10.2,26.0,4481,high
11.2,24.0,32,3,141.0,51.0,68.0,20.0,140.0,79.0,11.8,28.0,4482,high
10.8,24.0,34,2,162.0,57.5,70.0,18.0,115.0,60.0,10.3,28.0,4486,high
8.7,18.0,27,2,153.0,54.3,76.0,20.0,120.0,70.0,10.3,27.0,4487,high
11.4,12.0,18,2,153.0,66.6,80.0,18.0,119.0,65.0,11.7,17.0,4488,high
11.6,10.0,37,2,171.0,56.0,76.0,,115.0,60.0,12.1,19.0,4491,high
12.2,22.0,18,1,137.0,61.4,68.0,20.0,100.0,60.0,11.6,26.0,4509,low
14.0,16.0,23,3,146.0,68.0,88.0,19.0,118.0,72.0,13.0,24.0,4511,high
16.0,11.0,28,2,136.0,50.0,89.0,19.0,108.0,67.0,13.0,21.0,4513,low
11.2,25.0,41,2,171.0,63.0,80.0,20.0,113.0,73.0,11.3,30.0,4514,high
9.0,23.0,32,3,143.0,63.0,95.0,18.0,108.0,63.0,7.4,27.0,4515,high
12.1,28.0,19,2,131.0,51.0,70.0,18.0,120.0,70.0,10.4,32.0,4518,low
9.6,32.0,33,1,153.0,55.0,90.0,18.0,121.0,76.0,8.9,37.0,4520,high
11.4,20.0,18,1,149.0,65.0,68.0,19.0,120.0,70.0,11.0,24.0,4525,high
13.9,28.0,30,1,164.0,61.0,64.0,19.0,113.0,74.0,14.2,32.0,4528,low
13.5,25.0,38,3,167.0,62.0,67.0,20.0,112.0,67.0,13.3,29.0,4529,low
12.0,22.0,28,2,142.0,58.0,70.0,20.0,111.0,64.0,11.2,26.0,4535,low
8.4,35.0,23,2,179.0,55.2,87.0,19.0,93.0,66.0,12.8,39.0,4536,high
12.9,12.0,20,1,133.0,56.0,86.0,,100.0,70.0,12.9,18.0,4540,low
11.4,14.0,26,3,163.0,54.0,102.0,,121.0,53.0,10.6,18.0,4544,high
9.6,24.0,27,2,169.0,52.0,88.0,20.0,110.0,60.0,9.2,28.0,4552,high
14.0,9.0,23,2,156.0,53.0,80.0,18.0,105.0,67.0,13.0,20.0,4562,low
7.0,20.0,19,1,179.0,48.1,70.0,20.0,111.0,67.0,8.7,25.0,4563,high
10.8,28.0,21,3,152.0,59.4,80.0,20.0,140.0,70.0,11.0,32.0,4565,high
9.8,29.0,23,1,143.0,57.3,70.0,18.0,105.0,57.0,11.2,33.0,4567,high
10.3,23.0,16,3,134.0,61.0,70.0,20.0,105.0,59.0,10.3,27.0,4568,high
10.6,29.0,36,1,169.0,52.1,68.0,18.0,94.0,59.0,10.8,32.0,4569,high
9.8,26.0,21,2,153.0,59.7,70.0,20.0,110.0,70.0,11.0,30.0,4570,high
10.7,24.0,30,2,153.0,58.0,70.0,20.0,90.0,60.0,11.0,34.0,4571,high
10.8,28.0,11,1,163.0,61.0,64.0,17.0,113.0,74.0,13.3,32.0,4572,high
16.1,24.0,18,1,167.0,58.0,71.0,19.0,112.0,67.0,16.0,28.0,4573,low
11.5,24.0,37,2,146.0,70.0,88.0,16.0,120.0,75.0,11.5,28.0,4574,high
10.6,10.0,34,1,140.0,53.0,76.0,16.0,120.0,62.0,8.2,21.0,4578,high
13.3,22.0,24,1,133.0,63.0,74.0,17.0,112.0,67.0,14.2,26.0,4579,low
16.2,24.0,20,2,138.0,58.0,76.0,17.0,113.0,67.0,14.8,28.0,4580,low
11.2,21.0,27,2,138.0,54.7,70.0,20.0,100.0,60.0,10.8,26.0,4590,high
10.2,21.0,33,2,153.0,58.0,80.0,20.0,100.0,60.0,11.2,26.0,4593,high
8.9,26.0,34,2,153.0,77.0,70.0,18.0,104.0,60.0,9.8,27.0,4594,high
10.8,22.0,35,2,133.0,71.0,72.0,20.0,100.0,60.0,11.2,26.0,4605,high
10.8,16.0,27,4,156.0,60.0,72.0,20.0,100.0,60.0,11.2,21.0,4606,high
10.3,16.0,19,3,173.0,48.0,72.0,16.0,132.0,80.0,7.9,20.0,4609,high
10.6,18.0,26,2,155.0,52.0,72.0,16.0,110.0,70.0,9.1,23.0,4611,high
10.9,18.0,35,1,154.0,47.0,72.0,16.0,100.0,60.0,7.7,23.0,4612,high
12.3,14.0,23,1,149.0,57.0,76.0,18.0,122.0,70.0,11.1,18.0,4613,low
10.4,20.0,18,1,170.0,50.0,70.0,18.0,120.0,70.0,10.4,24.0,4614,high
13.4,20.0,37,3,132.0,60.0,79.0,18.0,100.0,60.0,13.0,24.0,4617,low
10.6,23.0,47,2,156.0,60.0,,,129.0,77.0,12.0,28.0,4619,high
15.4,13.0,27,3,166.0,51.0,,,128.0,70.0,15.0,17.0,4636,low
10.8,25.0,35,3,137.0,53.0,99.0,,123.0,61.0,10.3,32.0,4643,high
11.8,15.0,39,2,137.0,50.0,83.0,18.0,105.0,68.0,11.3,25.0,4645,high
9.6,8.0,34,2,146.0,45.0,,,110.0,60.0,10.1,13.0,4658,high
11.5,12.0,19,2,172.0,50.0,68.0,20.0,120.0,70.0,11.2,18.0,4666,high
11.1,20.0,20,1,158.0,47.0,76.0,18.0,117.0,73.0,11.6,25.0,4670,high
11.0,20.0,20,2,153.0,58.0,74.0,20.0,110.0,70.0,11.6,24.0,4671,high
9.0,16.0,42,3,141.0,55.0,72.0,18.0,120.0,70.0,10.3,24.0,4672,high
10.3,30.0,29,1,135.0,47.0,74.0,16.0,95.0,64.0,10.3,32.0,4678,high
11.9,28.0,21,2,176.0,78.9,80.0,,113.0,63.0,10.8,32.0,4679,high
11.6,25.0,18,3,152.0,75.0,90.0,,112.0,63.0,12.3,30.0,4682,high
10.7,29.0,34,2,153.0,40.0,70.0,18.0,120.0,70.0,11.0,33.0,4687,high
11.5,16.0,41,2,143.0,50.0,89.0,,106.0,56.0,11.7,21.0,4688,high
10.7,28.0,40,2,153.0,70.0,70.0,18.0,120.0,70.0,11.0,29.0,4691,high
10.2,25.0,27,3,164.0,54.0,73.0,,126.0,61.0,10.8,30.0,4695,high
9.3,30.0,33,3,160.0,62.0,76.0,16.0,112.0,67.0,13.3,34.0,4712,high
15.9,28.0,28,3,174.0,61.0,64.0,21.0,113.0,67.0,15.0,32.0,4713,low
8.6,19.0,32,2,153.0,69.0,80.0,20.0,101.0,58.0,11.0,24.0,4716,high
12.8,18.0,19,2,153.0,46.5,70.0,19.0,121.0,77.0,10.8,30.0,4717,low
12.3,20.0,20,2,153.0,61.3,70.0,20.0,118.0,70.0,12.0,24.0,4721,low
10.8,23.0,17,2,153.0,54.0,68.0,20.0,100.0,60.0,11.0,27.0,4722,high
12.0,32.0,20,2,145.0,54.0,63.0,22.0,113.0,74.0,13.1,36.0,4723,low
11.0,24.0,39,2,167.0,70.0,72.0,18.0,110.0,72.0,11.9,28.0,4724,high
11.0,25.0,21,2,162.0,61.0,116.0,,124.0,67.0,10.6,32.0,4725,high
13.1,18.0,24,1,144.0,52.0,76.0,18.0,120.0,73.0,11.5,22.0,4727,low
11.0,20.0,26,2,134.0,56.0,72.0,16.0,100.0,60.0,10.3,24.0,4728,high
10.6,19.0,23,2,154.0,47.0,72.0,18.0,110.0,60.0,10.8,24.0,4729,high
10.6,34.0,18,1,156.0,58.0,69.0,21.0,115.0,65.0,13.6,38.0,4730,high
9.2,28.0,32,1,157.0,55.0,72.0,18.0,110.0,60.0,9.4,32.0,4732,high
12.1,30.0,25,3,159.0,57.0,68.0,16.0,112.0,67.0,13.6,34.0,4733,low
9.4,20.0,24,1,172.0,59.0,72.0,16.0,110.0,60.0,10.3,24.0,4734,high
10.5,17.0,38,3,135.0,55.0,72.0,16.0,124.0,71.0,10.5,31.0,4735,high
12.5,24.0,33,3,171.0,57.0,74.0,16.0,110.0,60.0,11.0,28.0,4736,low
8.6,19.0,31,1,162.0,55.0,72.0,18.0,120.0,73.0,9.8,24.0,4737,high
12.1,24.0,32,2,153.0,56.2,68.0,20.0,100.0,60.0,11.2,30.0,4738,low
12.5,18.0,23,2,177.0,71.0,72.0,16.0,110.0,60.0,12.5,22.0,4739,low
11.0,29.0,36,1,163.0,50.4,70.0,19.0,106.0,60.0,11.2,35.0,4740,high
12.5,20.0,30,1,149.0,53.0,72.0,16.0,129.0,70.0,12.0,24.0,4741,low
12.0,23.0,19,2,153.0,51.4,70.0,18.0,100.0,61.0,11.2,29.0,4742,low
10.3,24.0,37,3,156.0,52.0,72.0,18.0,110.0,72.0,9.2,28.0,4743,high
12.2,30.0,27,2,153.0,55.9,70.0,19.0,120.0,70.0,12.2,34.0,4744,low
11.3,23.0,24,2,153.0,50.3,68.0,20.0,104.0,60.0,12.0,27.0,4746,high
11.0,6.0,25,3,153.0,72.0,80.0,20.0,118.0,69.0,14.0,11.0,4752,high
6.6,19.0,20,3,132.0,56.0,78.0,16.0,111.0,66.0,6.1,28.0,4766,high
11.7,11.0,31,2,157.0,63.0,,,107.0,56.0,11.1,20.0,4767,high
7.8,12.0,19,1,150.0,43.0,70.0,19.0,100.0,70.0,10.1,22.0,4770,high
13.7,28.0,19,2,136.0,54.0,76.0,20.0,120.0,70.0,11.2,32.0,4771,low
9.2,23.0,17,3,150.0,65.0,72.0,16.0,110.0,72.0,10.5,39.0,4786,high
11.0,24.0,29,2,168.0,61.0,72.0,16.0,110.0,60.0,12.5,28.0,4787,high
12.5,18.0,26,1,142.0,46.0,72.0,18.0,110.0,60.0,12.5,22.0,4788,low
12.5,16.0,37,3,158.0,66.0,72.0,16.0,110.0,72.0,11.0,20.0,4789,high
11.9,26.0,32,1,137.0,70.0,72.0,18.0,110.0,72.0,11.0,30.0,4790,high
11.0,20.0,21,1,168.0,60.0,72.0,20.0,110.0,60.0,12.5,24.0,4791,high
12.5,23.0,31,3,167.0,49.0,72.0,16.0,120.0,73.0,10.5,36.0,4792,low
12.5,18.0,26,2,150.0,47.0,76.0,18.0,129.0,70.0,10.3,22.0,4794,high
10.8,20.0,29,3,154.0,52.0,72.0,20.0,100.0,60.0,10.8,24.0,4795,high
11.0,18.0,18,2,135.0,54.0,,,110.0,70.0,11.8,28.0,4797,high
15.9,29.0,11,3,143.0,59.0,78.0,17.0,112.0,67.0,16.0,33.0,4798,low
13.3,32.0,24,3,150.0,58.0,75.0,22.0,112.0,67.0,13.6,36.0,4799,low
12.4,28.0,19,1,134.0,57.0,75.0,,116.0,65.0,13.0,32.0,4801,low
10.0,16.0,25,1,139.0,51.0,69.0,,100.0,60.0,12.9,24.0,4809,high
13.3,26.0,21,3,134.0,50.0,98.0,,116.0,76.0,13.3,30.0,4810,low
10.2,18.0,22,3,142.0,48.0,67.0,,110.0,70.0,10.2,22.0,4811,high
10.6,21.0,24,2,132.0,57.1,72.0,,100.0,60.0,11.4,26.0,4815,high
12.1,27.0,19,2,136.0,58.0,68.0,16.0,112.0,67.0,13.5,31.0,4816,low
13.6,30.0,18,1,180.0,60.0,63.0,18.0,116.0,63.0,13.9,34.0,4817,low
11.1,24.0,21,1,157.0,58.0,67.0,18.0,111.0,65.0,12.1,28.0,4818,high
10.9,13.0,30,2,147.0,51.0,,,106.0,67.0,12.0,16.0,4824,high
12.0,16.0,24,1,141.0,48.0,,,97.0,69.0,11.7,24.0,4843,low
13.9,28.0,32,3,150.0,61.0,73.0,22.0,113.0,74.0,13.7,32.0,4852,low
12.1,26.0,19,2,163.0,58.0,75.0,18.0,118.0,77.0,13.0,30.0,4854,low
13.2,12.0,29,1,154.0,79.0,103.0,,120.0,70.0,12.2,16.0,4855,low
12.1,16.0,18,3,140.0,56.0,63.0,16.0,112.0,67.0,13.1,20.0,4864,low
13.3,25.0,26,1,135.0,59.0,76.0,19.0,118.0,75.0,13.7,29.0,4866,low
14.2,27.0,37,3,160.0,62.0,76.0,16.0,112.0,67.0,14.5,31.0,4867,high
12.7,29.0,19,1,174.0,59.0,68.0,17.0,112.0,67.0,13.3,33.0,4869,low
10.6,17.0,25,3,131.0,53.0,86.0,,107.0,80.0,9.9,21.0,4885,high
10.3,28.0,33,3,166.0,61.0,72.0,20.0,100.0,60.0,11.0,32.0,4887,high
10.3,22.0,35,2,142.0,66.0,72.0,16.0,118.0,71.0,11.0,27.0,4888,high
10.3,20.0,31,1,135.0,52.0,74.0,16.0,110.0,60.0,7.2,28.0,4889,high
10.3,23.0,31,2,176.0,55.0,72.0,18.0,110.0,70.0,10.3,26.0,4890,high
9.3,24.0,26,3,178.0,43.0,74.0,18.0,120.0,70.0,8.8,29.0,4891,high
9.6,24.0,19,3,149.0,50.0,72.0,20.0,107.0,52.0,10.0,28.0,4892,high
11.9,16.0,26,3,160.0,53.0,72.0,20.0,107.0,64.0,10.3,21.0,4894,high
7.4,21.0,18,3,148.0,62.0,90.0,18.0,122.0,74.0,10.0,25.0,4895,high
11.7,19.0,32,3,176.0,46.0,,,109.0,70.0,12.0,22.0,4902,high
12.0,21.0,20,1,170.0,56.0,,,100.0,62.0,10.9,25.0,4907,low
8.6,14.0,27,3,163.0,78.0,92.0,,120.0,80.0,8.3,17.0,4911,high
10.8,12.0,19,2,149.0,53.8,91.0,,118.0,76.0,10.5,16.0,4917,high
14.2,9.0,20,3,177.0,63.0,74.0,,100.0,77.0,10.8,24.0,4923,high
7.4,17.0,20,1,148.0,54.0,90.0,19.0,115.0,71.0,6.4,21.0,4929,high
12.0,11.0,31,1,176.0,53.0,90.0,18.0,114.0,70.0,11.9,15.0,4931,low
13.1,31.0,19,3,143.0,50.0,68.0,17.0,112.0,67.0,13.9,35.0,4944,low
12.1,28.0,28,1,168.0,62.0,67.0,18.0,113.0,67.0,13.5,32.0,4945,low
14.2,26.0,18,2,130.0,58.0,68.0,16.0,112.0,67.0,13.9,30.0,4946,high
12.0,13.0,23,1,150.0,50.0,,,110.0,71.0,10.8,17.0,4952,low
11.5,32.0,24,3,144.0,75.0,102.0,19.0,103.0,62.0,11.1,37.0,4961,high
12.1,36.0,29,2,149.0,90.0,102.0,23.0,111.0,78.0,12.2,38.0,4962,low
10.2,26.0,25,1,136.0,52.0,123.0,12.0,103.0,63.0,10.3,32.0,4963,high
10.2,20.0,24,1,163.0,54.0,122.0,23.0,98.0,54.0,10.2,24.0,4964,high
10.8,15.0,23,3,130.0,67.0,72.0,20.0,100.0,60.0,10.8,20.0,4977,high
11.0,18.0,25,2,176.0,44.0,74.0,16.0,100.0,60.0,11.0,21.0,4978,high
13.0,24.0,30,1,178.0,74.0,72.0,16.0,118.0,71.0,11.8,28.0,4979,low
10.3,24.0,36,1,140.0,63.0,72.0,16.0,86.0,53.0,11.2,28.0,4980,high
13.2,17.0,21,2,163.0,64.0,88.0,19.0,113.0,66.0,11.3,31.0,4983,low
13.5,17.0,20,1,147.0,45.0,79.0,17.0,123.0,73.0,11.3,29.0,4988,low
10.0,31.0,30,3,160.0,90.0,94.0,18.0,116.0,67.0,10.1,35.0,4989,high
8.5,28.0,21,1,165.0,69.0,96.0,16.0,110.0,60.0,8.5,32.0,4995,high
10.3,22.0,21,3,158.0,65.0,92.0,16.0,121.0,59.0,10.9,26.0,5003,high
11.7,20.0,25,1,163.0,67.0,,,110.0,80.0,11.0,24.0,5008,high
12.0,16.0,34,3,176.0,78.0,,,120.0,70.0,12.3,24.0,5015,low
13.2,13.0,17,2,147.0,46.0,112.0,18.0,117.0,67.0,11.3,28.0,5017,low
13.7,10.0,27,3,140.0,44.0,78.0,19.0,110.0,50.0,11.3,28.0,5022,low
12.2,14.0,20,1,169.0,49.0,69.0,,120.0,80.0,11.6,19.0,5033,high
14.0,11.0,28,3,144.0,64.0,74.0,,108.0,65.0,12.0,15.0,5037,low
12.9,12.0,40,1,177.0,85.0,68.0,,122.0,63.0,13.3,24.0,5039,low
13.4,8.0,17,3,158.0,68.0,,,131.0,78.0,12.3,22.0,5049,low
13.4,20.0,24,1,156.0,60.0,,,117.0,70.0,12.9,26.0,5050,high
12.2,22.0,30,2,153.0,72.0,68.0,19.0,115.0,60.0,12.1,28.0,5052,low
12.5,20.0,24,1,165.0,43.0,72.0,20.0,110.0,60.0,10.3,24.0,5062,low
12.5,10.0,30,3,159.0,87.0,72.0,16.0,100.0,60.0,11.0,18.0,5063,low
10.3,20.0,35,2,139.0,43.0,76.0,16.0,100.0,60.0,12.5,28.0,5064,high
10.8,19.0,19,1,159.0,44.0,72.0,16.0,110.0,70.0,10.3,30.0,5065,high
11.9,20.0,28,2,162.0,56.0,72.0,16.0,100.0,60.0,10.5,24.0,5066,high
11.0,16.0,29,3,156.0,51.0,72.0,16.0,110.0,60.0,10.3,20.0,5067,high
8.6,25.0,40,3,160.0,65.0,72.0,20.0,110.0,72.0,10.3,30.0,5068,high
10.3,24.0,30,2,175.0,55.0,72.0,16.0,120.0,73.0,9.2,36.0,5070,high
12.4,15.0,42,3,176.0,67.7,87.0,16.0,94.0,72.0,12.9,27.0,5078,low
12.1,19.0,19,2,149.0,60.0,88.0,20.0,101.0,68.0,11.3,27.0,5080,low
9.6,20.0,24,1,159.0,51.0,88.0,20.0,110.0,60.0,12.1,24.0,5081,high
10.9,22.0,40,3,173.0,60.0,70.0,19.0,122.0,60.0,11.2,26.0,5083,high
15.0,20.0,21,1,165.0,55.0,,,127.0,71.0,15.6,24.0,5084,low
12.5,20.0,32,3,146.0,64.0,72.0,20.0,110.0,72.0,11.0,28.0,5091,low
10.8,20.0,36,1,166.0,64.0,72.0,20.0,100.0,60.0,10.8,25.0,5092,high
10.8,16.0,23,3,154.0,59.0,80.0,16.0,100.0,60.0,10.8,22.0,5093,high
13.0,32.0,25,2,163.0,59.0,63.0,16.0,118.0,75.0,13.3,36.0,5094,low
10.0,17.0,20,1,142.0,59.0,72.0,20.0,100.0,60.0,10.5,21.0,5095,high
10.8,18.0,21,1,171.0,52.0,72.0,20.0,100.0,60.0,11.2,20.0,5096,high
11.2,15.0,18,1,138.0,64.0,72.0,20.0,100.0,60.0,11.2,21.0,5097,high
8.1,26.0,20,1,159.0,47.0,72.0,16.0,110.0,72.0,10.5,38.0,5098,high
12.7,29.0,19,2,177.0,58.0,68.0,19.0,113.0,67.0,13.3,33.0,5103,low
9.9,34.0,26,2,146.0,75.0,73.0,17.0,121.0,94.0,8.5,36.0,5104,high
12.5,20.0,19,2,151.0,47.0,72.0,16.0,110.0,60.0,13.2,24.0,5106,low
11.3,26.0,30,2,153.0,74.4,68.0,19.0,122.0,72.0,11.0,28.0,5111,high
10.2,22.0,20,2,153.0,69.0,80.0,18.0,111.0,67.0,11.2,30.0,5113,high
11.7,25.0,18,2,153.0,66.8,70.0,18.0,130.0,70.0,11.9,29.0,5114,high
11.1,28.0,27,1,141.0,46.8,80.0,19.0,,,11.5,32.0,5116,high
10.1,22.0,24,2,153.0,49.0,68.0,19.0,115.0,60.0,12.2,26.0,5117,high
10.0,26.0,26,1,167.0,60.0,84.0,20.0,116.0,66.0,10.2,30.0,5121,high
8.1,23.0,31,2,175.0,78.0,92.0,16.0,112.0,68.0,8.6,28.0,5123,high
10.7,18.0,20,2,153.0,58.0,76.0,20.0,96.0,59.0,11.2,28.0,5137,high
11.0,17.0,35,2,153.0,65.1,70.0,19.0,118.0,67.0,11.2,21.0,5138,high
12.3,20.0,21,2,153.0,55.1,70.0,19.0,97.0,60.0,11.2,24.0,5139,low
14.5,11.0,24,1,154.0,65.0,102.0,,110.0,70.0,14.7,16.0,5142,low
13.1,32.0,20,2,150.0,58.0,76.0,16.0,112.0,67.0,13.7,36.0,5155,low
10.8,27.0,20,2,133.0,56.0,99.0,,118.0,60.0,10.8,35.0,5156,high
10.0,26.0,30,1,161.0,54.0,99.0,,132.0,64.0,10.0,31.0,5158,high
9.4,27.0,24,1,132.0,52.0,108.0,,112.0,65.0,10.4,32.0,5159,high
12.2,28.0,25,3,168.0,54.0,76.0,18.0,115.0,60.0,11.2,34.0,5160,low
10.3,28.0,24,3,165.0,53.0,101.0,,135.0,65.0,10.3,32.0,5161,high
10.0,28.0,23,1,174.0,53.0,98.0,22.0,112.0,65.0,10.0,32.0,5162,high
11.0,28.0,30,3,131.0,66.0,92.0,,105.0,65.0,10.0,32.0,5164,high
11.0,31.0,27,2,140.0,56.0,100.0,23.0,102.0,64.0,10.0,36.0,5166,high
11.0,27.0,32,2,165.0,51.0,92.0,,135.0,75.0,10.3,33.0,5167,high
10.0,28.0,21,3,142.0,52.0,87.0,,124.0,64.0,11.0,35.0,5168,high
11.0,28.0,23,1,131.0,52.0,91.0,,102.0,64.0,10.3,35.0,5169,high
11.0,24.0,39,1,141.0,52.0,91.0,,109.0,55.0,10.3,33.0,5171,high
10.3,28.0,24,2,161.0,53.0,101.0,,135.0,75.0,10.0,32.0,5172,high
11.0,30.0,27,3,150.0,54.0,102.0,,121.0,65.0,10.3,36.0,5173,high
10.0,27.0,28,2,153.0,54.0,111.0,,135.0,65.0,11.0,31.0,5174,high
10.1,28.0,38,2,136.0,53.0,107.0,22.0,125.0,66.0,11.4,32.0,5175,high
10.0,24.0,23,2,132.0,54.0,101.0,,109.0,55.0,10.0,30.0,5176,high
10.3,26.0,29,3,142.0,54.0,92.0,,109.0,55.0,10.0,28.0,5177,high
13.4,34.0,11,1,172.0,59.0,68.0,22.0,112.0,67.0,13.3,38.0,5178,low
9.7,33.0,33,3,161.0,74.0,82.0,20.0,129.0,70.0,10.7,36.0,5180,high
13.7,28.0,38,3,172.0,78.0,82.0,20.0,129.0,70.0,11.3,36.0,5184,low
12.1,30.0,25,2,134.0,57.0,79.0,22.0,112.0,67.0,13.9,34.0,5185,low
12.6,24.0,33,1,137.0,62.0,68.0,22.0,113.0,74.0,14.8,28.0,5187,low
10.5,28.0,18,3,168.0,47.0,72.0,20.0,100.0,60.0,11.0,37.0,5191,high
10.3,28.0,34,1,152.0,56.0,84.0,,112.0,51.0,10.3,33.0,5195,high
10.5,27.0,21,1,172.0,59.0,82.0,,129.0,70.0,10.4,37.0,5196,high
11.3,24.0,25,1,153.0,71.0,106.0,,,,11.0,33.0,5197,high
11.0,29.0,34,3,131.0,62.0,79.0,,119.0,71.0,11.3,35.0,5198,high
10.3,30.0,22,3,135.0,56.0,82.0,,120.0,73.0,10.5,34.0,5199,high
10.3,22.0,28,1,177.0,83.0,76.0,16.0,100.0,60.0,10.3,34.0,5203,high
12.5,28.0,19,3,150.0,64.0,74.0,20.0,100.0,60.0,11.2,33.0,5204,low
9.2,28.0,36,2,180.0,53.0,72.0,16.0,100.0,60.0,10.3,32.0,5206,high
10.5,20.0,29,1,151.0,54.0,74.0,14.0,100.0,60.0,10.5,28.0,5207,high
11.0,23.0,27,3,142.0,47.0,72.0,16.0,97.0,60.0,12.5,40.0,5208,high
11.9,24.0,28,3,177.0,64.0,74.0,16.0,110.0,60.0,11.0,38.0,5209,high
11.0,24.0,16,1,157.0,60.0,72.0,16.0,100.0,60.0,11.0,32.0,5210,high
9.5,16.0,19,2,145.0,53.0,101.0,18.0,106.0,62.0,11.5,24.0,5214,high
10.3,26.0,32,2,153.0,58.0,70.0,18.0,115.0,60.0,10.2,30.0,5224,high
14.2,14.0,23,1,136.0,83.0,74.0,16.0,110.0,70.0,12.8,32.0,5228,low
11.8,23.0,23,3,131.0,60.0,72.0,18.0,120.0,70.0,11.6,27.0,5229,high
10.5,16.0,21,1,136.0,55.0,72.0,16.0,120.0,73.0,11.0,20.0,5236,high
10.5,20.0,23,2,143.0,50.0,72.0,16.0,110.0,60.0,10.5,24.0,5237,high
11.9,12.0,23,1,138.0,62.0,72.0,16.0,110.0,72.0,11.9,16.0,5240,high
10.2,13.0,20,1,148.0,53.0,88.0,16.0,105.0,60.0,13.2,21.0,5282,high
11.0,20.0,25,1,177.0,65.0,68.0,22.0,100.0,60.0,10.0,28.0,5298,high
10.8,24.0,34,2,153.0,50.0,68.0,16.0,100.0,60.0,10.8,30.0,5299,high
10.5,20.0,24,1,138.0,44.0,72.0,16.0,110.0,72.0,10.3,24.0,5300,high
10.8,26.0,24,2,136.0,65.0,68.0,16.0,100.0,60.0,10.0,30.0,5301,high
10.0,24.0,28,1,132.0,64.0,76.0,22.0,98.0,55.0,11.0,28.0,5302,high
10.8,20.0,21,2,166.0,54.0,68.0,16.0,98.0,55.0,11.0,30.0,5303,high
11.0,24.0,22,3,171.0,56.0,72.0,22.0,100.0,60.0,10.0,28.0,5304,high
10.0,20.0,38,3,133.0,55.0,68.0,16.0,100.0,60.0,10.0,24.0,5305,high
10.8,20.0,22,1,154.0,54.0,72.0,22.0,100.0,60.0,10.5,24.0,5307,high
10.5,20.0,23,2,177.0,55.0,72.0,16.0,100.0,60.0,10.5,24.0,5309,high
10.4,33.0,25,1,150.0,56.0,74.0,18.0,121.0,68.0,11.0,39.0,5321,high
12.9,18.0,18,1,135.0,67.0,112.0,,117.0,77.0,12.9,22.0,5327,low
9.8,13.0,30,3,131.0,50.0,74.0,,114.0,68.0,11.0,18.0,5329,high
10.0,25.0,28,1,145.0,63.6,72.0,,137.0,80.0,10.3,32.0,5347,high
10.5,30.0,17,3,178.0,70.5,68.0,,,,11.7,32.0,5348,high
12.2,13.0,43,2,170.0,50.0,69.0,,111.0,71.0,11.5,18.0,5350,low
16.5,30.0,17,1,152.0,58.0,68.0,22.0,113.0,67.0,16.0,34.0,5355,low
10.4,24.0,27,2,153.0,43.2,70.0,20.0,100.0,60.0,11.0,29.0,5358,high
11.7,20.0,36,2,153.0,48.2,80.0,18.0,128.0,66.0,11.0,24.0,5359,high
11.7,19.0,36,2,153.0,65.0,70.0,18.0,115.0,60.0,11.0,28.0,5360,high
11.8,20.0,20,2,153.0,47.9,70.0,19.0,90.0,60.0,11.2,28.0,5361,high
13.0,20.0,22,3,176.0,49.0,,,113.0,72.0,12.0,25.0,5367,low
12.9,10.0,20,3,153.0,61.4,86.0,,100.0,70.0,12.9,26.0,5373,low
10.5,19.0,24,2,179.0,57.0,89.0,,108.0,68.0,10.3,23.0,5377,high
12.5,31.0,18,1,171.0,78.0,80.0,19.0,136.0,66.0,11.9,33.0,5396,low
11.7,22.0,25,3,153.0,55.7,80.0,18.0,100.0,60.0,10.3,28.0,5398,high
11.2,28.0,21,3,173.0,62.3,82.0,,106.0,63.0,9.3,32.0,5399,high
11.0,28.0,19,1,145.0,65.0,79.0,,123.0,63.0,11.0,32.0,5400,high
11.6,22.0,29,1,160.0,61.0,64.0,22.0,118.0,77.0,12.6,26.0,5402,high
11.2,23.0,29,2,159.0,60.0,72.0,,132.0,83.0,10.8,27.0,5405,high
13.3,28.0,16,2,153.0,53.0,82.0,,118.0,71.0,11.0,32.0,5406,low
9.2,28.0,31,1,171.0,53.0,99.0,,123.0,73.0,9.2,32.0,5407,high
10.0,32.0,18,2,137.0,58.0,70.0,19.0,122.0,69.0,10.3,36.0,5409,high
11.7,13.0,26,2,133.0,47.0,79.0,18.0,110.0,70.0,13.0,18.0,5412,high
11.4,23.0,23,3,178.0,70.5,,,,,11.4,27.0,5413,high
12.0,11.0,23,1,130.0,59.0,72.0,18.0,88.0,48.0,11.8,15.0,5414,low
13.3,34.0,27,1,167.0,59.0,68.0,17.0,112.0,67.0,13.6,38.0,5418,low
14.3,16.0,24,2,134.0,50.0,98.0,,118.0,70.0,14.4,20.0,5427,low
13.3,32.0,18,3,170.0,58.0,63.0,20.0,112.0,67.0,12.6,36.0,5429,low
9.4,32.0,21,2,144.0,55.0,71.0,,110.0,60.0,10.0,37.0,5439,high
9.8,35.0,36,2,180.0,78.0,82.0,,138.0,76.0,10.5,36.0,5440,high
10.5,20.0,18,1,158.0,49.0,80.0,21.0,105.0,70.0,10.4,28.0,5448,high
13.3,28.0,37,3,161.0,58.0,68.0,17.0,113.0,67.0,13.6,32.0,5451,low
12.6,28.0,32,1,173.0,69.0,68.0,19.0,112.0,67.0,12.9,32.0,5456,low
14.2,27.0,19,2,176.0,56.0,77.0,19.0,111.0,67.0,13.7,31.0,5457,low
12.0,18.0,28,2,168.0,62.0,86.0,16.0,124.0,72.0,12.3,22.0,5463,low
12.7,7.0,22,1,159.0,66.0,72.0,16.0,120.0,70.0,10.8,26.0,5466,low
11.5,22.0,24,2,163.0,51.0,72.0,18.0,80.0,60.0,10.5,24.0,5469,high
13.6,24.0,33,2,156.0,55.0,76.0,17.0,113.0,67.0,12.6,30.0,5477,low
9.2,13.0,30,2,166.0,44.0,72.0,16.0,110.0,72.0,10.5,22.0,5478,high
11.0,18.0,22,1,173.0,55.0,74.0,18.0,120.0,60.0,10.3,26.0,5479,high
10.5,20.0,17,3,153.0,69.0,80.0,18.0,120.0,70.0,11.2,30.0,5480,high
11.3,20.0,21,2,180.0,69.0,70.0,20.0,122.0,69.0,11.2,24.0,5481,high
9.2,20.0,18,1,167.0,50.0,72.0,16.0,110.0,60.0,10.3,28.0,5486,high
12.5,27.0,28,1,171.0,57.0,76.0,14.0,129.0,70.0,10.3,31.0,5488,high
12.5,23.0,32,1,165.0,95.0,72.0,19.0,110.0,72.0,11.9,37.0,5490,high
13.3,30.0,29,2,133.0,70.0,78.0,22.0,112.0,67.0,13.5,34.0,5495,low
12.0,16.0,21,1,142.0,49.0,72.0,16.0,120.0,70.0,12.0,35.0,5496,low
14.2,33.0,32,3,144.0,67.0,76.0,16.0,118.0,77.0,12.9,37.0,5499,low
12.6,29.0,18,2,140.0,58.0,68.0,16.0,112.0,67.0,13.2,33.0,5501,low
10.2,18.0,19,1,138.0,59.0,68.0,20.0,125.0,66.0,12.2,24.0,5502,high
12.5,17.0,20,3,167.0,50.0,72.0,16.0,106.0,58.0,11.2,24.0,5510,low
12.0,25.0,38,2,137.0,70.0,72.0,18.0,111.0,68.0,12.2,34.0,5511,low
13.6,23.0,17,3,150.0,57.0,63.0,17.0,112.0,67.0,13.3,27.0,5521,high
12.1,27.0,20,3,156.0,59.0,64.0,16.0,112.0,67.0,13.8,31.0,5525,low
9.2,16.0,19,2,136.0,51.0,72.0,16.0,110.0,72.0,10.3,34.0,5538,high
10.5,24.0,25,3,131.0,70.0,72.0,16.0,110.0,60.0,10.3,28.0,5539,high
9.2,31.0,17,3,173.0,47.0,69.0,16.0,100.0,60.0,11.0,36.0,5540,high
11.9,18.0,34,1,158.0,67.0,82.0,18.0,129.0,70.0,10.3,22.0,5543,high
11.4,28.0,29,1,135.0,52.0,101.0,,135.0,65.0,11.4,32.0,5564,high
11.0,28.0,29,1,136.0,53.0,92.0,,122.0,65.0,10.0,39.0,5566,high
10.3,24.0,23,3,131.0,55.0,77.0,,118.0,60.0,10.3,32.0,5570,high
8.4,28.0,32,3,170.0,67.0,73.0,19.0,112.0,67.0,13.7,32.0,5572,high
12.8,30.0,18,3,137.0,58.0,67.0,19.0,118.0,75.0,13.4,34.0,5573,low
11.5,20.0,17,2,142.0,59.4,70.0,18.0,100.0,60.0,12.0,23.0,5577,high
9.4,27.0,23,1,138.0,66.0,95.0,19.0,101.0,68.0,8.6,34.0,5589,high
13.6,34.0,18,3,141.0,58.0,63.0,17.0,112.0,67.0,14.2,38.0,5592,low
10.6,26.0,17,2,136.0,57.0,68.0,20.0,112.0,67.0,12.1,30.0,5594,high
11.0,16.0,21,3,153.0,68.0,72.0,16.0,104.0,68.0,11.2,30.0,5596,high
11.0,18.0,21,1,137.0,52.0,72.0,16.0,100.0,60.0,11.5,26.0,5597,high
11.0,17.0,25,2,176.0,52.0,72.0,16.0,100.0,60.0,10.3,25.0,5598,high
10.3,20.0,30,3,170.0,41.0,72.0,16.0,99.0,70.0,11.0,30.0,5599,high
14.1,26.0,21,2,156.0,59.0,61.0,16.0,113.0,74.0,13.1,30.0,5609,low
11.5,24.0,21,1,159.0,63.0,88.0,16.0,113.0,64.0,11.9,26.0,5611,high
11.9,24.0,18,1,145.0,54.0,88.0,16.0,120.0,70.0,11.8,28.0,5612,high
13.1,13.0,18,1,157.0,58.8,80.0,19.0,127.0,78.0,11.2,17.0,5613,low
10.8,22.0,21,3,153.0,66.3,80.0,19.0,110.0,70.0,11.2,27.0,5615,high
13.3,25.0,16,1,175.0,59.0,68.0,17.0,114.0,63.0,13.6,29.0,5616,low
13.2,28.0,18,2,167.0,55.0,68.0,17.0,112.0,67.0,13.8,32.0,5619,low
9.8,20.0,21,1,132.0,55.0,72.0,18.0,110.0,70.0,10.5,28.0,5627,high
10.3,24.0,33,3,176.0,53.0,76.0,16.0,100.0,60.0,10.5,26.0,5628,high
9.2,16.0,20,1,158.0,52.0,74.0,20.0,100.0,60.0,10.3,29.0,5629,high
12.5,15.0,26,3,151.0,59.0,72.0,16.0,120.0,73.0,12.5,35.0,5630,low
9.0,19.0,38,2,160.0,55.0,72.0,16.0,100.0,60.0,9.2,28.0,5631,high
10.2,26.0,22,1,177.0,72.0,74.0,16.0,110.0,70.0,8.9,30.0,5632,high
13.0,16.0,21,2,177.0,64.0,72.0,18.0,115.0,65.0,12.3,21.0,5633,low
13.0,15.0,28,3,142.0,55.0,72.0,16.0,102.0,52.0,11.5,20.0,5634,low
10.3,14.0,19,2,130.0,56.0,74.0,16.0,110.0,72.0,13.0,23.0,5635,high
12.5,22.0,25,2,159.0,75.0,72.0,16.0,100.0,60.0,11.0,32.0,5636,low
8.9,20.0,45,1,180.0,47.0,75.0,16.0,110.0,70.0,8.9,28.0,5637,high
13.1,25.0,27,2,135.0,72.0,78.0,14.0,117.0,67.0,13.9,32.0,5638,low
11.4,26.0,26,2,146.0,53.0,78.0,16.0,110.0,60.0,11.9,32.0,5639,high
13.2,34.0,26,2,143.0,55.0,64.0,14.0,123.0,72.0,12.2,38.0,5640,low
11.0,10.0,32,1,156.0,50.0,98.0,,99.0,58.0,12.1,18.0,5644,high
12.1,28.0,36,2,156.0,64.0,68.0,16.0,114.0,63.0,13.1,32.0,5646,low
10.0,10.0,24,2,177.0,47.0,70.0,18.0,120.0,70.0,11.0,20.0,5652,high
10.8,26.0,20,1,152.0,49.1,70.0,18.0,115.0,60.0,10.2,30.0,5654,high
11.6,27.0,26,2,143.0,67.0,70.0,18.0,110.0,70.0,11.0,28.0,5655,high
12.2,17.0,19,1,147.0,46.0,89.0,,120.0,66.0,9.8,23.0,5656,low
10.8,10.0,21,3,160.0,83.5,72.0,,110.0,60.0,11.7,14.0,5661,high
13.7,32.0,25,3,142.0,59.0,76.0,16.0,112.0,67.0,14.0,36.0,5670,low
11.6,27.0,31,1,140.0,66.0,88.0,,98.0,62.0,11.0,31.0,5678,high
10.8,25.0,25,2,176.0,48.0,76.0,,118.0,60.0,10.3,30.0,5679,high
12.1,28.0,27,3,120.0,63.0,79.0,16.0,112.0,67.0,13.3,32.0,5680,high
12.5,26.0,16,3,120.0,59.0,67.0,16.0,111.0,65.0,13.8,30.0,5685,low
12.1,34.0,18,3,110.0,60.0,63.0,17.0,112.0,67.0,13.9,38.0,5689,low
10.4,22.0,19,2,143.0,50.0,70.0,20.0,100.0,60.0,10.8,30.0,5695,high
11.2,21.0,17,2,143.0,54.6,70.0,19.0,100.0,60.0,11.2,30.0,5697,high
12.5,22.0,34,2,143.0,59.2,80.0,19.0,120.0,70.0,11.0,28.0,5699,low
11.2,30.0,24,2,143.0,55.3,68.0,19.0,112.0,62.0,11.2,33.0,5700,high
11.3,23.0,40,2,143.0,62.5,70.0,17.0,123.0,64.0,12.0,28.0,5702,high
11.4,23.0,22,2,143.0,65.5,70.0,18.0,120.0,70.0,11.2,28.0,5704,high
12.2,16.0,17,2,143.0,49.0,80.0,19.0,108.0,64.0,10.8,28.0,5705,low
11.0,30.0,24,2,151.0,62.0,70.0,19.0,115.0,60.0,10.8,34.0,5706,high
12.2,19.0,37,2,143.0,77.0,70.0,19.0,120.0,70.0,12.2,24.0,5708,low
9.7,20.0,22,1,134.0,53.0,72.0,16.0,100.0,60.0,14.4,24.0,5711,high
11.9,18.0,23,1,142.0,55.0,74.0,20.0,110.0,72.0,11.0,24.0,5712,high
13.1,14.0,25,2,149.0,82.0,76.0,20.0,110.0,72.0,12.5,27.0,5714,low
10.5,16.0,21,2,144.0,63.0,74.0,16.0,120.0,70.0,11.2,20.0,5715,high
12.0,20.0,26,3,146.0,61.0,72.0,16.0,100.0,60.0,12.5,24.0,5717,low
9.4,19.0,23,1,166.0,45.8,93.0,,121.0,71.0,6.0,28.0,5722,high
10.2,12.0,31,3,151.0,56.0,78.0,21.0,124.0,77.0,10.3,34.0,5725,high
11.8,24.0,30,3,153.0,73.1,80.0,20.0,120.0,70.0,11.3,28.0,5729,high
12.0,17.0,32,1,177.0,69.0,,,103.0,65.0,13.0,27.0,5741,high
11.6,20.0,24,2,143.0,59.5,70.0,20.0,100.0,60.0,11.2,30.0,5761,high
8.6,28.0,25,2,177.0,66.0,72.0,18.0,112.0,62.0,9.9,36.0,5763,high
11.2,17.0,20,3,150.0,57.0,80.0,20.0,100.0,60.0,11.2,28.0,5764,high
11.8,22.0,32,3,150.0,56.0,70.0,20.0,120.0,70.0,11.0,28.0,5766,high
10.4,21.0,29,3,150.0,47.9,80.0,18.0,110.0,70.0,11.0,27.0,5770,high
10.1,23.0,20,3,150.0,43.6,80.0,18.0,98.0,63.0,11.0,28.0,5771,high
8.2,24.0,27,3,180.0,51.5,83.0,18.0,115.0,64.0,9.0,28.0,5782,high
9.8,31.0,34,1,158.0,73.0,88.0,14.0,93.0,63.0,8.9,35.0,5788,high
8.3,25.0,21,1,162.0,57.0,102.0,14.0,115.0,60.0,9.9,30.0,5789,high
8.6,24.0,23,3,158.0,58.0,88.0,18.0,144.0,79.0,9.4,28.0,5790,high
11.4,16.0,27,1,171.0,60.4,89.0,,100.0,60.0,11.3,20.0,5793,high
13.6,12.0,29,2,166.0,56.0,72.0,,90.0,60.0,13.2,16.0,5795,low
10.4,11.0,23,1,168.0,46.0,102.0,,121.0,76.0,11.0,15.0,5801,high
8.7,12.0,19,2,148.0,54.0,78.0,16.0,112.0,51.0,7.9,16.0,5802,high
12.9,16.0,44,3,149.0,64.0,90.0,18.0,98.0,72.0,11.3,28.0,5812,low
11.7,26.0,19,2,172.0,59.0,90.0,19.0,106.0,63.0,8.7,29.0,5837,high
7.1,19.0,19,3,138.0,70.0,78.0,16.0,103.0,53.0,10.5,27.0,5855,high
12.2,20.0,18,3,168.0,55.0,68.0,18.0,120.0,70.0,12.0,24.0,5858,low
9.6,18.0,18,3,132.0,51.0,70.0,20.0,100.0,60.0,8.7,24.0,5861,high
12.8,20.0,29,3,169.0,52.0,70.0,19.0,115.0,60.0,13.0,28.0,5864,low
12.1,28.0,17,3,160.0,58.0,68.0,20.0,112.0,67.0,13.7,32.0,5870,low
13.6,27.0,32,3,160.0,67.0,63.0,16.0,113.0,74.0,13.3,31.0,5871,low
9.5,20.0,18,1,139.0,46.0,72.0,20.0,110.0,70.0,11.5,24.0,5882,high
10.3,22.0,28,1,141.0,60.0,72.0,20.0,110.0,70.0,10.3,28.0,5883,high
11.3,24.0,38,2,137.0,61.0,72.0,20.0,100.0,60.0,11.0,28.0,5885,high
9.3,22.0,40,3,174.0,50.0,76.0,16.0,98.0,58.0,8.3,32.0,5886,high
10.3,20.0,25,2,156.0,50.0,72.0,20.0,100.0,60.0,10.0,28.0,5889,high
10.8,18.0,20,1,148.0,50.0,72.0,20.0,100.0,60.0,11.0,26.0,5892,high
10.3,22.0,19,3,141.0,53.0,72.0,16.0,100.0,60.0,10.3,26.0,5893,high
10.3,25.0,22,3,169.0,46.0,74.0,16.0,110.0,70.0,11.0,29.0,5895,high
12.1,35.0,17,3,160.0,56.0,63.0,16.0,112.0,67.0,12.9,39.0,5909,low
12.3,20.0,32,2,154.0,61.0,72.0,16.0,100.0,60.0,12.0,28.0,5914,low
12.1,30.0,37,3,160.0,65.0,68.0,16.0,112.0,67.0,13.3,34.0,5918,low
11.3,33.0,19,3,173.0,48.0,70.0,20.0,130.0,70.0,11.2,37.0,5926,high
11.2,30.0,22,3,143.0,56.0,70.0,20.0,115.0,60.0,12.2,34.0,5927,high
11.0,30.0,22,3,170.0,43.4,80.0,20.0,118.0,53.0,11.0,34.0,5928,high
11.5,28.0,37,1,173.0,91.5,80.0,20.0,115.0,71.0,10.3,32.0,5929,high
13.3,32.0,39,3,160.0,67.0,76.0,16.0,112.0,67.0,13.9,36.0,5938,low
10.8,22.0,31,3,148.0,56.5,85.0,,90.0,72.0,9.9,26.0,5943,high
8.3,23.0,21,3,180.0,58.0,79.0,,115.0,78.0,10.4,31.0,5944,high
8.7,16.0,24,1,158.0,57.0,80.0,18.0,120.0,70.0,8.8,20.0,5947,high
9.8,7.0,26,3,157.0,80.0,90.0,,127.0,70.0,10.8,16.0,5959,high
10.8,22.0,34,1,132.0,69.2,95.0,,100.0,60.0,13.5,26.0,5960,high
6.6,18.0,22,3,140.0,56.0,74.0,,100.0,60.0,5.8,28.0,5962,high
13.2,32.0,27,1,180.0,59.0,80.0,17.0,101.0,70.0,15.7,36.0,5978,high
10.3,16.0,20,2,155.0,60.0,72.0,16.0,110.0,60.0,12.5,36.0,5986,high
11.9,20.0,24,3,150.0,54.0,72.0,18.0,120.0,70.0,11.0,25.0,5989,high
10.8,20.0,25,2,148.0,45.0,76.0,16.0,113.0,60.0,10.3,24.0,5990,high
10.3,23.0,19,1,174.0,56.0,72.0,16.0,100.0,60.0,11.0,26.0,5992,high
12.2,26.0,32,3,150.0,80.0,80.0,20.0,115.0,60.0,11.2,30.0,5993,low
11.2,26.0,20,2,166.0,58.0,68.0,18.0,110.0,70.0,10.8,30.0,5994,high
13.0,28.0,11,2,139.0,52.0,,,110.0,70.0,11.4,32.0,5995,low
10.0,22.0,17,3,136.0,50.0,68.0,18.0,115.0,60.0,10.7,28.0,5996,high
10.3,22.0,24,3,179.0,52.0,70.0,19.0,120.0,70.0,12.2,26.0,5998,high
10.3,30.0,11,1,138.0,55.0,76.0,19.0,130.0,70.0,10.2,34.0,5999,high
10.3,21.0,24,2,149.0,72.0,68.0,18.0,115.0,60.0,11.2,23.0,6002,high
11.2,28.0,18,3,180.0,51.0,80.0,20.0,100.0,60.0,11.0,32.0,6007,high
10.8,20.0,29,2,138.0,56.0,70.0,18.0,120.0,70.0,10.2,28.0,6009,high
10.1,27.0,21,2,173.0,59.0,70.0,19.0,115.0,60.0,10.3,32.0,6011,high
11.0,20.0,18,3,162.0,54.0,70.0,19.0,130.0,70.0,11.2,24.0,6012,high
10.8,20.0,17,1,154.0,50.0,68.0,18.0,120.0,67.0,10.9,24.0,6014,high
12.8,18.0,19,3,161.0,46.5,76.0,18.0,115.0,60.0,12.6,26.0,6017,low
13.3,32.0,35,3,160.0,61.0,68.0,16.0,112.0,67.0,12.6,36.0,6020,low
8.9,26.0,27,3,141.0,55.0,68.0,18.0,115.0,60.0,11.2,32.0,6023,high
14.2,31.0,18,3,160.0,58.0,68.0,17.0,118.0,77.0,13.8,35.0,6026,low
11.0,20.0,39,2,139.0,55.0,72.0,16.0,100.0,60.0,10.3,28.0,6028,high
10.3,16.0,20,1,136.0,84.0,72.0,16.0,100.0,60.0,11.0,20.0,6029,high
10.3,16.0,28,2,171.0,65.0,72.0,16.0,100.0,60.0,11.0,26.0,6030,high
10.5,20.0,19,3,141.0,63.0,72.0,16.0,102.0,63.0,10.3,26.0,6031,high
10.3,17.0,28,1,172.0,72.0,74.0,16.0,100.0,60.0,10.5,22.0,6034,high
11.0,20.0,30,3,162.0,63.0,74.0,20.0,100.0,60.0,11.0,24.0,6035,high
11.9,19.0,27,1,162.0,64.0,72.0,16.0,100.0,60.0,11.0,23.0,6036,high
4.6,17.0,32,3,165.0,50.0,72.0,20.0,100.0,60.0,4.1,24.0,6037,high
10.4,16.0,19,1,174.0,57.0,80.0,18.0,115.0,60.0,10.1,20.0,6038,high
11.2,25.0,14,1,135.0,36.0,80.0,19.0,115.0,60.0,11.2,32.0,6041,high
10.3,24.0,36,3,150.0,74.0,68.0,19.0,100.0,60.0,11.2,28.0,6043,high
13.3,31.0,31,3,160.0,62.0,63.0,17.0,112.0,67.0,13.6,35.0,6044,low
11.2,24.0,17,3,140.0,46.0,68.0,19.0,120.0,70.0,11.0,32.0,6045,high
14.124,30.0,18,3,160.0,59.0,68.0,20.0,118.0,75.0,13.9,34.0,6046,low
10.1,20.0,28,3,140.0,54.0,69.0,18.0,115.0,60.0,11.0,24.0,6054,high
10.8,25.0,22,1,167.0,61.0,70.0,17.0,110.0,70.0,11.2,32.0,6057,high
9.8,26.0,24,1,130.0,64.0,76.0,19.0,120.0,70.0,10.3,30.0,6060,high
12.9,24.0,20,2,143.0,86.0,72.0,16.0,110.0,70.0,11.6,28.0,6065,low
10.0,20.0,35,3,145.0,64.0,72.0,16.0,100.0,60.0,9.6,24.0,6066,high
11.9,21.0,29,3,172.0,56.0,72.0,16.0,100.0,60.0,9.7,25.0,6067,high
10.8,22.0,26,3,140.0,70.0,70.0,19.0,122.0,68.0,10.3,26.0,6077,high
10.5,27.0,32,2,155.0,57.9,76.0,18.0,100.0,60.0,10.8,30.0,6078,high
13.2,20.0,25,1,177.0,62.0,76.0,18.0,120.0,70.0,11.2,24.0,6079,low
11.3,22.0,20,1,150.0,58.0,92.0,16.0,92.0,56.0,10.0,24.0,6085,high
10.0,20.0,26,3,151.0,68.0,86.0,18.0,110.0,80.0,10.3,28.0,6087,high
13.9,32.0,19,3,160.0,61.0,68.0,19.0,112.0,67.0,14.0,36.0,6095,low
12.1,28.0,38,3,160.0,65.0,63.0,20.0,112.0,67.0,13.1,32.0,6099,low
11.1,27.0,23,3,140.0,54.0,68.0,20.0,100.0,60.0,10.3,30.0,6100,high
12.0,24.0,17,3,144.0,45.0,70.0,18.0,115.0,60.0,11.2,32.0,6101,low
10.1,30.0,38,1,159.0,63.0,80.0,18.0,115.0,60.0,10.3,32.0,6102,high
11.2,20.0,21,3,140.0,50.0,68.0,19.0,115.0,60.0,12.2,22.0,6103,high
11.0,24.0,23,3,140.0,53.1,76.0,18.0,110.0,70.0,11.0,28.0,6104,high
12.0,26.0,22,1,163.0,70.0,76.0,19.0,110.0,70.0,11.2,32.0,6105,low
11.2,22.0,18,3,140.0,55.0,76.0,19.0,109.0,72.0,10.3,28.0,6106,high
11.2,20.0,18,3,145.0,49.7,76.0,19.0,110.0,70.0,11.2,24.0,6107,high
12.2,20.0,33,3,145.0,61.0,68.0,19.0,115.0,60.0,10.3,26.0,6108,low
11.2,20.0,17,3,145.0,59.4,76.0,20.0,120.0,67.0,10.3,28.0,6109,high
11.7,20.0,29,2,143.0,66.0,72.0,18.0,110.0,70.0,10.8,24.0,6110,high
9.1,17.0,21,2,176.0,50.0,72.0,18.0,110.0,70.0,10.4,26.0,6111,high
11.8,26.0,27,3,145.0,59.0,76.0,19.0,120.0,70.0,11.2,30.0,6112,high
12.2,30.0,23,3,145.0,63.0,76.0,20.0,120.0,70.0,10.3,34.0,6113,low
12.2,30.0,20,3,145.0,58.0,80.0,20.0,100.0,60.0,11.2,34.0,6114,low
10.2,20.0,24,3,145.0,60.0,68.0,19.0,115.0,60.0,10.3,28.0,6115,high
12.2,20.0,31,3,145.0,57.2,68.0,18.0,120.0,70.0,10.3,28.0,6116,low
11.2,27.0,17,3,145.0,46.0,68.0,18.0,115.0,60.0,11.2,31.0,6118,high
12.0,16.0,21,2,149.0,56.0,87.0,,110.0,60.0,11.7,24.0,6120,low
8.8,20.0,26,2,130.0,50.0,72.0,18.0,110.0,70.0,9.2,24.0,6131,high
14.2,32.0,25,3,160.0,57.0,63.0,17.0,111.0,67.0,13.9,36.0,6135,low
10.3,30.0,34,3,145.0,68.1,80.0,19.0,100.0,60.0,11.0,34.0,6143,high
12.0,26.0,28,3,145.0,64.0,70.0,19.0,120.0,67.0,11.2,30.0,6154,low
10.1,24.0,33,3,145.0,66.0,70.0,18.0,120.0,70.0,11.2,28.0,6156,high
12.2,22.0,19,3,145.0,53.1,76.0,19.0,115.0,60.0,11.2,28.0,6157,low
11.8,9.0,18,1,157.0,45.0,108.0,,110.0,60.0,11.8,17.0,6159,high
12.2,22.0,21,3,145.0,50.0,68.0,19.0,103.0,67.0,12.2,30.0,6160,low
15.2,19.0,36,2,161.0,60.0,89.0,,115.0,61.0,12.6,24.0,6161,low
12.2,28.0,23,3,145.0,65.1,68.0,19.0,115.0,60.0,11.0,32.0,6162,low
10.0,27.0,19,2,157.0,63.0,68.0,20.0,100.0,60.0,12.2,32.0,6163,high
13.7,34.0,35,2,132.0,67.0,68.0,22.0,118.0,75.0,13.5,38.0,6165,low
12.4,34.0,36,2,135.0,62.0,61.0,17.0,112.0,67.0,13.3,38.0,6167,low
12.6,31.0,18,2,177.0,58.0,74.0,19.0,113.0,74.0,13.3,35.0,6169,low
11.4,28.0,18,3,134.0,57.5,68.0,20.0,115.0,60.0,11.7,33.0,6173,high
12.4,28.0,31,3,130.0,67.0,70.0,19.0,120.0,70.0,11.4,32.0,6174,low
5.5,30.0,23,3,146.0,51.0,98.0,16.0,124.0,79.0,7.1,34.0,6176,high
10.3,23.0,25,1,142.0,58.0,72.0,16.0,110.0,70.0,10.3,29.0,6177,high
12.0,26.0,23,3,179.0,55.0,74.0,18.0,110.0,70.0,11.0,29.0,6178,low
11.2,21.0,22,3,145.0,54.0,76.0,20.0,115.0,60.0,11.2,25.0,6180,high
12.0,24.0,28,3,145.0,56.8,76.0,20.0,110.0,70.0,11.0,28.0,6182,low
12.2,22.0,34,2,149.0,60.1,69.0,20.0,123.0,72.0,10.8,26.0,6201,low
9.0,24.0,32,2,150.0,51.0,72.0,18.0,110.0,70.0,9.3,30.0,6202,high
11.2,16.0,38,1,180.0,61.0,72.0,18.0,100.0,60.0,10.8,21.0,6204,high
10.3,16.0,27,3,167.0,57.0,72.0,20.0,100.0,60.0,11.0,20.0,6206,high
10.3,26.0,22,1,168.0,47.9,70.0,19.0,100.0,60.0,11.0,30.0,6207,high
10.3,16.0,17,1,152.0,42.0,72.0,16.0,100.0,60.0,11.0,25.0,6208,high
15.0,29.0,26,2,157.0,62.0,68.0,17.0,114.0,63.0,15.3,33.0,6210,low
12.0,24.0,34,2,149.0,64.0,80.0,18.0,100.0,60.0,11.2,30.0,6215,low
10.3,32.0,34,2,149.0,68.2,68.0,18.0,115.0,60.0,11.2,36.0,6216,high
13.3,33.0,23,3,160.0,59.0,68.0,16.0,113.0,74.0,12.1,37.0,6218,low
11.7,15.0,29,1,136.0,55.0,,,107.0,65.0,11.5,19.0,6219,high
13.3,35.0,19,3,160.0,58.0,68.0,17.0,113.0,74.0,13.6,39.0,6223,low
12.1,28.0,24,3,160.0,61.0,68.0,16.0,113.0,74.0,13.0,32.0,6225,high
12.8,32.0,25,2,160.0,66.0,76.0,19.0,118.0,75.0,13.3,36.0,6232,low
10.7,17.0,22,2,139.0,44.4,89.0,,104.0,65.0,11.2,21.0,6234,high
12.0,24.0,21,2,154.0,50.0,78.0,20.0,90.0,65.0,10.8,26.0,6238,low
7.2,20.0,18,1,156.0,45.0,78.0,22.0,100.0,60.0,9.8,25.0,6239,high
12.7,20.0,19,1,152.0,43.0,72.0,20.0,100.0,60.0,12.7,28.0,6240,low
9.8,11.0,23,3,153.0,47.0,72.0,20.0,100.0,60.0,9.8,22.0,6241,high
13.1,16.0,20,1,152.0,63.0,80.0,20.0,100.0,60.0,13.1,20.0,6242,low
12.5,16.0,19,1,180.0,56.0,72.0,16.0,110.0,72.0,10.3,20.0,6244,low
10.3,28.0,25,1,145.0,54.0,92.0,,122.0,64.0,11.4,34.0,6252,high
12.2,17.0,18,2,151.0,57.0,70.0,20.0,115.0,60.0,11.2,30.0,6256,low
10.9,15.0,23,1,157.0,55.0,96.0,,90.0,60.0,9.8,21.0,6265,high
10.6,27.0,40,2,149.0,60.4,76.0,19.0,115.0,60.0,10.3,31.0,6268,high
11.3,28.0,19,2,149.0,50.0,76.0,18.0,120.0,70.0,11.2,30.0,6271,high
11.0,26.0,31,3,150.0,52.5,68.0,18.0,115.0,60.0,10.3,33.0,6274,high
9.4,16.0,26,3,135.0,42.0,102.0,,100.0,60.0,13.1,20.0,6278,high
10.3,20.0,23,1,152.0,60.0,72.0,16.0,110.0,72.0,11.0,24.0,6282,high
13.2,16.0,35,3,140.0,46.0,72.0,20.0,110.0,72.0,11.9,21.0,6284,low
11.5,19.0,26,2,149.0,89.0,72.0,18.0,100.0,60.0,10.3,22.0,6285,high
11.0,17.0,25,2,160.0,55.0,72.0,16.0,110.0,60.0,12.0,23.0,6286,high
13.1,18.0,21,2,138.0,56.0,72.0,20.0,100.0,60.0,10.5,21.0,6287,low
9.5,10.0,26,3,170.0,47.0,72.0,20.0,110.0,70.0,8.6,25.0,6288,high
9.2,14.0,24,1,149.0,62.0,72.0,20.0,110.0,72.0,10.3,20.0,6296,high
12.9,18.0,17,3,133.0,60.0,72.0,20.0,110.0,70.0,10.3,21.0,6298,low
10.5,21.0,26,3,158.0,50.0,72.0,18.0,100.0,60.0,9.2,25.0,6299,high
13.0,23.0,42,1,152.0,43.0,72.0,16.0,100.0,60.0,12.0,24.0,6300,low
13.3,14.0,25,1,133.0,72.0,72.0,20.0,110.0,70.0,12.5,23.0,6301,low
13.0,17.0,30,2,130.0,43.0,72.0,18.0,110.0,70.0,13.0,27.0,6302,low
13.0,13.0,35,2,142.0,70.0,,,106.0,67.0,12.0,17.0,6310,high
11.0,24.0,27,3,146.0,65.0,84.0,18.0,120.0,80.0,11.9,28.0,6327,high
11.3,24.0,21,1,158.0,54.0,101.0,,97.0,66.0,12.3,28.0,6330,high
14.2,26.0,26,2,142.0,61.0,63.0,16.0,112.0,67.0,13.9,30.0,6331,low
13.3,29.0,19,2,160.0,59.0,74.0,16.0,119.0,66.0,13.6,33.0,6333,low
13.3,31.0,22,2,140.0,58.0,68.0,16.0,112.0,67.0,13.3,35.0,6336,low
12.6,29.0,18,1,143.0,58.0,76.0,19.0,113.0,74.0,13.6,33.0,6338,low
13.9,31.0,21,2,160.0,66.0,69.0,19.0,113.0,74.0,12.6,35.0,6340,low
12.2,13.0,24,3,174.0,63.0,74.0,16.0,100.0,60.0,12.5,20.0,6345,low
10.5,12.0,19,1,144.0,55.0,72.0,20.0,100.0,60.0,9.2,18.0,6346,high
10.5,16.0,26,1,130.0,52.0,72.0,16.0,100.0,60.0,11.0,21.0,6348,high
8.6,8.0,33,2,143.0,70.0,92.0,16.0,118.0,60.0,10.3,16.0,6353,high
10.7,7.0,24,3,169.0,50.0,64.0,14.0,120.0,60.0,10.7,16.0,6359,high
10.5,26.0,28,2,139.0,60.0,70.0,19.0,120.0,70.0,13.0,33.0,6362,high
9.0,20.0,27,1,148.0,56.0,102.0,18.0,109.0,66.0,10.3,29.0,6366,high
13.3,31.0,26,3,162.0,58.0,68.0,19.0,112.0,67.0,13.6,35.0,6371,low
12.6,25.0,18,2,178.0,57.0,68.0,21.0,112.0,67.0,13.1,29.0,6375,low
12.1,35.0,30,2,137.0,63.0,63.0,19.0,112.0,67.0,13.3,39.0,6386,low
10.4,11.0,24,2,143.0,55.0,76.0,,119.0,60.0,11.0,21.0,6394,high
12.6,29.0,26,3,163.0,62.0,68.0,16.0,112.0,67.0,12.1,33.0,6396,low
9.4,28.0,20,1,143.0,59.0,65.0,,107.0,65.0,10.2,33.0,6398,high
13.6,35.0,23,3,164.0,59.0,63.0,16.0,113.0,74.0,13.6,39.0,6422,low
10.3,28.0,21,1,166.0,58.0,76.0,19.0,100.0,60.0,11.2,32.0,6423,high
12.2,26.0,17,3,132.0,48.0,76.0,19.0,115.0,60.0,11.2,30.0,6427,low
11.0,32.0,25,3,158.0,60.0,68.0,20.0,120.0,70.0,12.2,36.0,6428,high
12.2,24.0,19,3,159.0,56.0,68.0,20.0,120.0,70.0,11.0,32.0,6430,low
9.5,23.0,33,2,177.0,68.0,72.0,20.0,110.0,70.0,10.1,28.0,6435,high
11.2,18.0,21,2,145.0,61.0,72.0,16.0,110.0,70.0,11.2,22.0,6436,high
9.5,16.0,28,2,163.0,50.0,78.0,16.0,120.0,70.0,9.8,20.0,6443,high
10.8,20.0,32,3,175.0,60.0,72.0,16.0,110.0,70.0,10.8,24.0,6445,high
12.6,27.0,25,2,149.0,77.1,70.0,17.0,115.0,60.0,11.0,31.0,6449,low
10.4,26.0,18,3,158.0,54.0,76.0,18.0,110.0,70.0,10.3,30.0,6450,high
10.5,28.0,16,3,158.0,50.0,80.0,19.0,115.0,60.0,11.2,30.0,6451,high
12.6,28.0,25,1,153.0,59.0,68.0,19.0,112.0,67.0,13.6,32.0,6453,high
11.0,26.0,22,1,154.0,59.0,72.0,20.0,100.0,60.0,10.3,30.0,6459,high
10.3,17.0,31,3,153.0,53.0,72.0,16.0,110.0,70.0,10.3,22.0,6461,high
11.2,20.0,23,4,154.0,58.0,72.0,20.0,115.0,74.0,10.8,26.0,6462,high
11.0,25.0,21,3,153.0,58.0,72.0,16.0,100.0,60.0,13.0,28.0,6463,high
12.7,20.0,34,3,154.0,51.0,72.0,20.0,120.0,70.0,11.2,24.0,6464,low
10.3,30.0,41,1,148.0,53.0,101.0,22.0,109.0,55.0,10.0,39.0,6470,high
10.8,25.0,32,1,144.0,49.0,109.0,,118.0,60.0,10.3,32.0,6471,high
10.8,25.0,37,2,160.0,55.0,73.0,,126.0,61.0,10.8,29.0,6472,high
10.3,26.0,31,1,180.0,54.0,73.0,,126.0,61.0,10.3,36.0,6474,high
10.2,26.0,27,2,174.0,53.0,73.0,,122.0,41.0,9.4,35.0,6479,high
9.7,25.0,23,3,174.0,60.0,79.0,,125.0,71.0,10.3,33.0,6482,high
10.8,31.0,31,3,171.0,53.0,77.0,,121.0,51.0,10.8,35.0,6484,high
10.0,25.0,21,3,176.0,49.0,89.0,,118.0,60.0,10.8,34.0,6485,high
10.8,28.0,27,3,171.0,60.0,76.0,,126.0,61.0,10.8,35.0,6486,high
10.8,25.0,25,1,167.0,53.0,76.0,,126.0,61.0,10.8,36.0,6488,high
10.3,24.0,29,3,138.0,59.0,76.0,20.0,130.0,70.0,11.0,28.0,6494,high
12.1,29.0,19,3,151.0,58.0,76.0,16.0,113.0,74.0,13.6,33.0,6495,low
10.3,30.0,40,2,169.0,60.0,68.0,18.0,115.0,60.0,12.2,34.0,6496,high
13.0,26.0,11,1,172.0,45.0,70.0,17.0,115.0,60.0,12.8,30.0,6497,low
10.8,32.0,34,2,174.0,62.0,80.0,18.0,115.0,60.0,10.3,35.0,6499,high
11.2,23.0,18,1,175.0,52.0,76.0,19.0,120.0,70.0,11.0,30.0,6500,high
13.3,32.0,20,1,174.0,59.0,68.0,16.0,113.0,74.0,13.3,36.0,6501,low
13.3,29.0,18,2,137.0,58.0,61.0,17.0,111.0,65.0,12.6,33.0,6503,low
13.3,35.0,38,2,180.0,64.0,65.0,19.0,113.0,74.0,13.3,39.0,6504,low
10.3,24.0,28,3,161.0,50.0,78.0,14.0,100.0,65.0,10.5,32.0,6512,high
12.2,23.0,22,3,158.0,60.0,68.0,20.0,120.0,70.0,10.3,32.0,6514,low
12.2,20.0,18,3,158.0,54.0,80.0,20.0,115.0,60.0,10.3,32.0,6516,low
10.3,24.0,24,3,158.0,55.0,80.0,19.0,115.0,60.0,10.3,33.0,6518,high
11.2,27.0,29,3,158.0,57.0,68.0,18.0,100.0,60.0,10.3,28.0,6519,high
10.9,26.0,37,2,176.0,80.0,78.0,18.0,110.0,60.0,11.0,30.0,6523,high
11.0,10.0,23,2,167.0,44.0,92.0,16.0,110.0,80.0,11.3,14.0,6524,high
10.5,15.0,29,1,146.0,60.0,72.0,16.0,110.0,60.0,9.2,19.0,6525,high
9.2,8.0,22,3,131.0,42.0,72.0,16.0,100.0,60.0,10.8,25.0,6526,high
10.3,13.0,31,3,139.0,41.0,72.0,16.0,100.0,60.0,9.2,18.0,6528,high
9.2,20.0,22,2,152.0,51.0,72.0,20.0,110.0,72.0,10.5,24.0,6530,high
14.1,17.0,25,2,163.0,80.0,74.0,20.0,100.0,60.0,10.3,21.0,6531,low
11.9,20.0,25,2,132.0,59.0,74.0,16.0,100.0,60.0,11.9,31.0,6532,high
11.0,19.0,20,1,148.0,64.0,72.0,16.0,100.0,60.0,10.3,22.0,6533,high
12.5,20.0,19,3,171.0,40.0,72.0,20.0,110.0,72.0,10.5,29.0,6534,high
10.5,16.0,20,3,142.0,48.0,72.0,20.0,110.0,60.0,11.9,21.0,6535,high
10.3,20.0,32,2,151.0,67.0,72.0,16.0,110.0,72.0,11.0,26.0,6536,high
10.8,24.0,22,1,157.0,52.0,73.0,,118.0,60.0,10.8,34.0,6544,high
10.3,20.0,20,3,174.0,91.0,72.0,16.0,110.0,70.0,10.3,24.0,6546,high
11.2,24.0,23,3,158.0,59.0,70.0,20.0,120.0,70.0,10.8,28.0,6550,high
12.0,20.0,38,3,158.0,57.3,70.0,20.0,120.0,70.0,10.3,24.0,6551,low
12.0,24.0,25,3,158.0,50.0,68.0,20.0,100.0,60.0,11.0,28.0,6553,low
12.0,25.0,22,3,158.0,60.0,68.0,18.0,110.0,70.0,11.2,27.0,6554,low
10.0,22.0,20,3,158.0,54.0,68.0,18.0,100.0,60.0,10.3,24.0,6557,high
10.6,18.0,36,3,158.0,61.0,80.0,20.0,120.0,70.0,10.8,21.0,6560,high
10.3,16.0,29,1,150.0,76.0,72.0,16.0,100.0,60.0,11.9,21.0,6567,high
13.3,28.0,26,2,148.0,61.0,68.0,19.0,113.0,74.0,13.7,32.0,6569,low
12.6,31.0,21,1,142.0,58.0,67.0,16.0,111.0,67.0,12.8,35.0,6573,low
12.1,29.0,19,2,144.0,57.0,63.0,19.0,113.0,74.0,12.6,33.0,6578,low
9.2,12.0,25,3,139.0,49.5,64.0,18.0,117.0,67.0,7.6,34.0,6590,high
13.1,28.0,19,2,176.0,58.0,63.0,17.0,113.0,67.0,13.6,32.0,6593,low
12.6,28.0,22,3,142.0,59.0,71.0,16.0,113.0,74.0,12.6,32.0,6594,low
12.1,28.0,26,2,152.0,62.0,64.0,17.0,112.0,67.0,13.3,32.0,6595,low
14.2,28.0,22,1,134.0,59.0,68.0,17.0,116.0,67.0,14.8,32.0,6596,low
13.3,28.0,27,3,179.0,62.0,74.0,17.0,100.0,64.0,13.6,32.0,6597,low
12.1,29.0,20,3,135.0,57.0,68.0,20.0,113.0,74.0,12.1,33.0,6598,low
8.6,20.0,20,2,178.0,53.0,91.0,16.0,100.0,59.0,10.9,25.0,6606,high
11.5,24.0,19,2,138.0,58.5,76.0,19.0,120.0,70.0,10.3,28.0,6616,high
11.5,23.0,19,2,138.0,64.8,80.0,19.0,120.0,67.0,12.2,27.0,6617,high
11.6,30.0,20,2,138.0,63.0,68.0,20.0,120.0,70.0,10.3,34.0,6618,high
11.4,28.0,41,2,138.0,55.1,70.0,18.0,120.0,70.0,11.0,32.0,6619,high
11.0,27.0,17,2,138.0,58.0,76.0,19.0,120.0,70.0,10.3,30.0,6620,high
12.2,29.0,34,2,138.0,72.0,76.0,19.0,120.0,67.0,10.1,33.0,6621,low
11.2,17.0,22,3,135.0,54.0,72.0,20.0,100.0,60.0,11.4,21.0,6631,high
10.8,25.0,21,3,137.0,51.0,76.0,,126.0,61.0,10.3,33.0,6632,high
10.8,25.0,31,1,158.0,53.0,76.0,,126.0,61.0,10.8,36.0,6633,high
11.0,25.0,33,3,166.0,52.0,76.0,,126.0,61.0,10.8,31.0,6634,high
10.8,25.0,31,1,139.0,51.0,77.0,,116.0,60.0,10.3,29.0,6635,high
10.8,25.0,29,1,135.0,55.0,76.0,,118.0,60.0,10.8,33.0,6636,high
10.3,25.0,31,1,133.0,51.0,79.0,,118.0,60.0,10.3,33.0,6637,high
10.8,24.0,32,2,133.0,54.0,73.0,,118.0,60.0,10.8,36.0,6639,high
9.8,24.0,25,1,164.0,55.0,76.0,,126.0,61.0,10.8,33.0,6640,high
10.3,25.0,23,3,165.0,55.0,73.0,,126.0,61.0,10.3,32.0,6641,high
10.8,24.0,34,1,179.0,49.0,76.0,,118.0,60.0,10.3,37.0,6642,high
12.9,12.0,17,2,179.0,46.0,86.0,,112.0,68.0,11.4,20.0,6644,low
11.5,24.0,25,3,157.0,66.5,,,,,12.5,32.0,6648,high
10.8,24.0,26,1,144.0,54.0,76.0,,126.0,61.0,10.8,28.0,6651,high
10.8,24.0,29,3,160.0,54.0,76.0,,118.0,60.0,10.8,31.0,6652,high
9.8,24.0,21,2,147.0,55.0,76.0,,118.0,60.0,10.3,34.0,6654,high
10.5,24.0,35,3,141.0,48.0,89.0,,128.0,61.0,10.8,35.0,6656,high
10.3,24.0,31,2,152.0,54.0,76.0,,126.0,61.0,10.8,31.0,6658,high
10.3,24.0,27,3,140.0,54.0,73.0,,126.0,61.0,10.8,35.0,6660,high
10.8,24.0,30,1,163.0,54.0,73.0,,126.0,61.0,10.8,35.0,6662,high
11.0,24.0,32,2,156.0,53.0,76.0,,126.0,61.0,10.8,38.0,6663,high
10.8,24.0,37,1,180.0,49.0,76.0,,118.0,60.0,10.3,32.0,6666,high
10.8,24.0,26,1,143.0,50.0,79.0,,118.0,60.0,10.3,36.0,6669,high
9.0,14.0,23,1,150.0,39.0,89.0,,110.0,66.0,9.2,19.0,6673,high
10.3,24.0,33,1,180.0,55.0,73.0,,118.0,60.0,10.3,33.0,6674,high
10.3,24.0,24,3,175.0,48.0,76.0,,118.0,60.0,10.8,29.0,6676,high
10.3,24.0,24,1,155.0,53.0,73.0,,118.0,60.0,10.8,31.0,6678,high
10.3,24.0,36,1,144.0,53.0,73.0,,126.0,61.0,10.3,29.0,6679,high
10.8,24.0,28,1,159.0,54.0,76.0,,123.0,88.0,10.3,28.0,6682,high
10.3,24.0,29,1,166.0,49.0,79.0,,118.0,60.0,10.3,31.0,6685,high
9.8,24.0,31,3,174.0,53.0,76.0,,124.0,67.0,10.3,33.0,6686,high
10.8,24.0,33,2,163.0,55.0,76.0,,126.0,61.0,10.3,30.0,6687,high
10.1,24.0,32,2,162.0,54.0,100.0,,109.0,55.0,9.8,32.0,6688,high
13.6,14.0,36,3,171.0,55.0,89.0,,100.0,60.0,14.0,18.0,6689,high
10.4,24.0,24,1,179.0,54.0,92.0,,135.0,65.0,10.0,29.0,6690,high
10.1,24.0,37,1,156.0,53.0,101.0,21.0,135.0,65.0,10.0,28.0,6691,high
10.0,24.0,25,2,180.0,49.0,91.0,,135.0,75.0,10.0,30.0,6692,high
12.1,28.0,18,3,178.0,57.0,63.0,17.0,112.0,67.0,13.0,32.0,6699,low
12.4,22.0,28,1,157.0,66.0,89.0,,116.0,72.0,12.5,27.0,6700,low
12.1,24.0,20,2,146.0,57.0,63.0,16.0,113.0,74.0,13.3,28.0,6706,low
4.4,17.0,28,2,153.0,65.0,92.0,16.0,112.0,56.0,8.2,24.0,6708,high
11.6,30.0,29,2,138.0,54.0,76.0,20.0,115.0,60.0,12.2,35.0,6709,high
11.0,12.0,19,1,162.0,52.0,84.0,14.0,115.0,64.0,11.7,16.0,6710,high
12.0,21.0,20,1,159.0,63.5,80.0,17.0,120.0,70.0,11.9,25.0,6712,low
10.4,20.0,21,2,138.0,61.2,76.0,20.0,115.0,60.0,10.8,24.0,6713,high
9.2,22.0,19,2,138.0,63.0,68.0,20.0,120.0,70.0,9.6,26.0,6714,high
13.0,25.0,38,3,169.0,59.0,68.0,16.0,98.0,55.0,11.0,36.0,6716,high
11.0,17.0,22,3,156.0,44.0,72.0,16.0,100.0,60.0,12.0,29.0,6717,high
10.8,20.0,26,2,158.0,57.0,72.0,20.0,90.0,65.0,10.8,24.0,6718,high
10.8,24.0,19,1,156.0,59.0,72.0,20.0,90.0,65.0,10.8,28.0,6719,high
9.8,16.0,35,6,154.0,64.0,72.0,20.0,100.0,60.0,10.0,26.0,6720,high
10.3,20.0,27,3,152.0,54.0,72.0,20.0,100.0,60.0,11.0,30.0,6722,high
13.0,19.0,20,1,153.0,63.0,72.0,16.0,100.0,60.0,11.0,24.0,6723,low
13.1,21.0,22,3,167.0,46.0,76.0,,110.0,60.0,13.4,29.0,6731,low
10.3,12.0,20,2,177.0,49.0,72.0,16.0,100.0,60.0,12.6,15.0,6733,high
12.9,20.0,17,2,167.0,63.0,72.0,,120.0,72.0,12.9,28.0,6745,low
12.1,24.0,18,1,169.0,58.0,68.0,17.0,108.0,63.0,13.1,28.0,6751,high
11.8,28.0,20,3,157.0,57.0,63.0,19.0,113.0,74.0,13.6,32.0,6755,high
13.6,25.0,24,1,174.0,61.0,61.0,19.0,115.0,65.0,13.6,29.0,6759,low
9.4,22.0,21,1,153.0,50.0,76.0,,120.0,68.0,9.9,28.0,6766,high
8.2,24.0,27,2,144.0,77.0,76.0,,139.0,54.0,11.5,29.0,6769,high
11.3,18.0,34,1,150.0,50.0,98.0,,126.0,68.0,11.6,22.0,6771,high
12.5,15.0,25,1,169.0,45.4,76.0,,134.0,70.0,10.3,20.0,6785,low
13.3,30.0,20,1,145.0,58.0,63.0,19.0,113.0,74.0,13.6,34.0,6787,low
12.1,15.0,22,2,150.0,68.0,99.0,,110.0,70.0,12.3,20.0,6790,low
13.3,21.0,34,3,144.0,61.0,76.0,,102.0,56.0,11.9,25.0,6791,low
9.0,21.0,26,2,142.0,68.0,64.0,16.0,121.0,69.0,9.1,25.0,6802,high
11.0,16.0,19,1,130.0,48.0,72.0,20.0,100.0,60.0,10.3,21.0,6811,high
10.2,26.0,36,2,152.0,62.0,74.0,16.0,100.0,60.0,11.3,30.0,6812,high
12.0,15.0,25,3,178.0,45.0,72.0,16.0,110.0,70.0,11.2,22.0,6813,low
7.4,24.0,26,3,171.0,64.0,84.0,14.0,110.0,60.0,9.0,28.0,6830,high
9.5,31.0,33,1,155.0,73.0,74.0,18.0,110.0,70.0,9.3,36.0,6833,high
11.2,20.0,36,3,162.0,53.0,74.0,16.0,100.0,60.0,9.3,24.0,6835,high
14.0,20.0,30,3,149.0,52.0,,,110.0,60.0,13.0,27.0,6854,low
4.9,34.0,31,2,180.0,61.0,84.0,14.0,100.0,65.0,6.7,37.0,6860,high
10.1,29.0,23,2,162.0,85.0,92.0,14.0,118.0,73.0,10.6,34.0,6862,high
12.6,32.0,32,2,160.0,61.0,63.0,17.0,113.0,74.0,13.0,36.0,6876,low
10.8,16.0,27,1,171.0,61.0,72.0,16.0,110.0,70.0,8.6,25.0,6879,high
11.2,18.0,18,1,148.0,51.0,72.0,20.0,100.0,60.0,10.8,26.0,6881,high
10.3,21.0,41,2,173.0,62.0,72.0,20.0,100.0,60.0,5.6,25.0,6883,high
12.1,33.0,26,2,167.0,61.0,68.0,17.0,114.0,63.0,13.6,37.0,6885,low
17.0,16.0,36,1,141.0,58.0,,,103.0,70.0,13.0,27.0,6886,low
13.1,16.0,25,2,134.0,58.0,72.0,20.0,100.0,60.0,11.2,20.0,6887,low
9.7,17.0,35,2,136.0,63.0,74.0,16.0,100.0,60.0,8.9,21.0,6890,high
11.2,20.0,20,3,140.0,47.0,72.0,20.0,100.0,60.0,11.2,26.0,6893,high
13.3,34.0,28,2,162.0,60.0,63.0,17.0,118.0,75.0,12.1,39.0,6897,low
12.1,28.0,35,2,160.0,59.0,68.0,19.0,,,12.6,32.0,6899,low
7.5,35.0,35,2,138.0,57.0,78.0,16.0,99.0,59.0,7.8,36.0,6905,high
12.1,28.0,26,2,160.0,62.0,61.0,17.0,114.0,63.0,12.6,32.0,6921,low
13.3,32.0,27,2,160.0,59.0,71.0,20.0,118.0,24.0,12.6,36.0,6924,low
9.6,36.0,32,2,174.0,77.0,92.0,14.0,110.0,60.0,12.1,40.0,6925,high
12.3,20.0,24,3,167.0,61.0,74.0,16.0,100.0,60.0,11.5,26.0,6942,low
12.0,18.0,25,2,136.0,66.0,74.0,16.0,100.0,60.0,10.3,22.0,6943,low
11.0,20.0,20,1,155.0,56.0,68.0,16.0,100.0,60.0,10.8,28.0,6945,high
11.0,22.0,32,6,158.0,58.0,72.0,18.0,100.0,60.0,10.3,28.0,6946,high
11.3,18.0,27,2,169.0,72.0,72.0,16.0,110.0,70.0,11.2,28.0,6947,high
11.0,24.0,37,3,156.0,75.0,68.0,16.0,100.0,60.0,11.0,28.0,6949,high
12.3,14.0,25,3,155.0,59.0,75.0,16.0,100.0,60.0,10.3,20.0,6950,low
8.2,25.0,20,3,151.0,55.0,92.0,14.0,102.0,63.0,8.5,29.0,6951,high
9.5,20.0,17,2,133.0,56.0,76.0,,110.0,70.0,10.6,24.0,6956,high
8.5,23.0,22,1,169.0,53.0,69.0,,113.0,70.0,9.5,30.0,6957,high
7.7,28.0,31,1,166.0,55.0,78.0,14.0,110.0,70.0,9.5,32.0,6966,high
9.3,15.0,31,2,141.0,54.7,106.0,,117.0,80.0,11.8,20.0,6967,high
10.5,13.0,26,2,154.0,64.0,84.0,14.0,120.0,70.0,7.9,18.0,6969,high
9.7,20.0,23,1,160.0,60.0,74.0,,110.0,78.0,9.2,29.0,6970,high
11.7,16.0,21,3,156.0,65.0,76.0,,121.0,62.0,13.8,30.0,6971,high
11.5,26.0,27,2,167.0,57.0,92.0,16.0,116.0,67.0,11.1,30.0,6976,high
13.2,14.0,25,1,133.0,72.0,72.0,,120.0,80.0,13.8,18.0,6977,high
11.4,12.0,36,1,155.0,62.0,72.0,,109.0,67.0,11.4,16.0,6983,high
6.5,19.0,27,1,141.0,54.0,89.0,,110.0,60.0,8.1,24.0,6991,high
14.1,23.0,34,1,166.0,90.0,96.0,,,,13.1,27.0,6992,low
13.7,12.0,31,3,173.0,65.0,66.0,,110.0,70.0,12.1,20.0,7001,low
11.9,20.0,26,3,179.0,70.0,84.0,16.0,120.0,70.0,11.5,24.0,7025,high
15.0,24.0,26,3,151.0,76.0,,,128.0,70.0,13.0,28.0,7027,low
11.6,20.0,20,3,154.0,59.0,70.0,19.0,120.0,70.0,12.2,24.0,7030,high
10.2,29.0,41,1,170.0,65.0,70.0,20.0,115.0,60.0,10.7,33.0,7031,high
12.2,26.0,37,3,171.0,60.0,70.0,18.0,100.0,60.0,11.2,30.0,7033,low
10.4,22.0,21,3,151.0,59.0,70.0,20.0,100.0,60.0,10.3,26.0,7035,high
10.8,28.0,38,3,151.0,70.0,76.0,20.0,115.0,60.0,10.3,32.0,7036,high
10.4,24.0,32,3,151.0,66.0,70.0,20.0,120.0,70.0,10.8,28.0,7037,high
11.7,7.0,23,3,175.0,47.0,84.0,14.0,117.0,67.0,10.5,12.0,7040,high
13.0,34.0,29,2,166.0,78.0,71.0,17.0,115.0,74.0,12.8,39.0,7050,low
10.8,24.0,23,3,179.0,56.0,72.0,16.0,100.0,60.0,10.8,33.0,7054,high
10.3,26.0,29,1,132.0,62.0,72.0,18.0,100.0,60.0,10.8,28.0,7055,high
10.5,24.0,18,3,160.0,50.0,72.0,22.0,100.0,60.0,10.0,28.0,7056,high
11.0,20.0,19,3,151.0,55.0,68.0,16.0,100.0,60.0,10.8,24.0,7060,high
10.3,11.0,18,1,161.0,65.0,72.0,16.0,100.0,60.0,10.5,28.0,7061,high
10.1,27.0,23,3,151.0,54.0,70.0,18.0,120.0,70.0,11.2,31.0,7068,high
11.3,28.0,36,3,151.0,67.0,68.0,20.0,115.0,60.0,11.2,32.0,7069,high
10.7,19.0,25,2,179.0,72.0,72.0,20.0,105.0,60.0,10.3,23.0,7070,high
10.8,20.0,20,1,152.0,55.0,72.0,20.0,100.0,60.0,10.8,32.0,7071,high
11.0,20.0,31,2,156.0,66.0,75.0,18.0,100.0,60.0,11.2,24.0,7072,high
12.0,22.0,40,6,152.0,62.0,72.0,16.0,100.0,60.0,11.0,25.0,7073,high
10.3,17.0,28,3,157.0,53.0,72.0,16.0,100.0,60.0,11.0,25.0,7074,high
11.0,20.0,21,1,133.0,74.0,72.0,16.0,100.0,60.0,11.0,28.0,7075,high
9.8,15.0,18,1,154.0,54.0,72.0,20.0,100.0,60.0,12.0,19.0,7076,high
10.3,25.0,32,2,164.0,60.0,72.0,20.0,100.0,60.0,10.3,28.0,7077,high
10.3,20.0,25,1,137.0,56.0,72.0,16.0,110.0,70.0,10.2,28.0,7080,high
10.3,15.0,19,1,155.0,57.0,72.0,16.0,100.0,60.0,10.3,19.0,7083,high
11.0,20.0,34,8,126.0,72.0,72.0,16.0,100.0,60.0,10.3,30.0,7084,high
10.3,20.0,30,4,154.0,60.0,72.0,16.0,100.0,60.0,10.3,24.0,7085,high
11.0,20.0,24,3,154.0,59.0,72.0,16.0,100.0,60.0,11.0,28.0,7086,high
12.6,32.0,24,3,179.0,48.5,79.0,18.0,113.0,81.0,13.3,36.0,7090,low
10.8,30.0,17,2,162.0,52.0,72.0,20.0,100.0,60.0,11.0,34.0,7098,high
10.3,18.0,25,1,157.0,56.0,72.0,16.0,97.0,52.0,11.5,26.0,7099,high
10.3,26.0,21,2,158.0,59.0,72.0,18.0,100.0,60.0,10.8,28.0,7101,high
11.2,20.0,18,1,154.0,56.0,72.0,16.0,100.0,60.0,11.6,24.0,7102,high
13.0,13.0,26,1,163.0,48.0,,,105.0,51.0,12.0,20.0,7110,high
12.3,26.0,18,2,138.0,55.0,92.0,16.0,123.0,72.0,12.3,34.0,7111,low
12.6,29.0,29,2,150.0,59.0,63.0,19.0,112.0,67.0,13.0,33.0,7113,low
12.5,27.0,18,3,160.0,57.0,68.0,22.0,111.0,65.0,13.3,31.0,7117,low
11.4,25.0,22,2,168.0,53.0,101.0,,131.0,75.0,10.0,30.0,7121,high
10.1,25.0,24,2,161.0,50.0,91.0,23.0,102.0,64.0,10.1,29.0,7122,high
10.1,25.0,24,2,180.0,55.0,90.0,22.0,102.0,64.0,10.1,29.0,7124,high
10.1,24.0,33,2,152.0,53.0,99.0,,102.0,64.0,11.4,31.0,7125,high
10.1,24.0,26,2,170.0,47.0,92.0,,122.0,65.0,10.1,29.0,7126,high
10.1,30.0,40,2,163.0,56.0,101.0,,122.0,65.0,10.1,39.0,7127,high
10.3,24.0,23,1,148.0,54.0,91.0,,131.0,65.0,10.1,29.0,7130,high
11.4,24.0,21,1,150.0,54.0,101.0,,135.0,75.0,10.0,29.0,7131,high
10.1,27.0,25,3,154.0,55.0,101.0,,103.0,75.0,11.0,34.0,7134,high
11.5,22.0,27,2,180.0,58.0,81.0,,137.0,66.0,10.8,26.0,7135,high
10.6,24.0,40,1,138.0,77.0,89.0,23.0,130.0,61.0,10.5,28.0,7136,high
11.1,24.0,35,2,175.0,56.0,88.0,22.0,111.0,56.0,12.3,28.0,7137,high
10.9,24.0,29,3,134.0,68.0,88.0,22.0,135.0,56.0,10.5,28.0,7139,high
10.1,24.0,22,2,174.0,65.0,88.0,22.0,137.0,66.0,10.7,28.0,7140,high
11.0,24.0,21,1,154.0,56.0,101.0,21.0,102.0,64.0,10.5,28.0,7141,high
11.0,21.0,18,3,151.0,56.0,70.0,18.0,120.0,70.0,12.0,25.0,7145,high
12.1,32.0,30,2,160.0,64.0,68.0,17.0,116.0,65.0,13.0,36.0,7151,low
12.5,28.0,21,2,160.0,58.0,63.0,17.0,114.0,63.0,13.3,32.0,7154,low
12.0,28.0,18,2,128.0,60.0,72.0,17.0,111.0,65.0,12.6,32.0,7156,low
11.2,30.0,20,2,132.0,57.0,70.0,18.0,112.0,69.0,12.2,34.0,7159,high
11.2,28.0,19,2,147.0,63.0,68.0,20.0,126.0,76.0,10.8,32.0,7160,high
10.1,24.0,15,1,130.0,44.5,68.0,18.0,109.0,60.0,10.3,28.0,7162,high
12.2,27.0,18,2,130.0,58.0,70.0,20.0,110.0,70.0,12.0,31.0,7163,low
11.2,30.0,19,2,173.0,52.0,80.0,20.0,115.0,60.0,11.0,34.0,7164,high
10.8,24.0,22,2,132.0,52.0,69.0,20.0,101.0,44.0,11.0,28.0,7165,high
7.3,20.0,20,3,135.0,52.0,83.0,20.0,100.0,61.0,8.8,32.0,7170,high
12.1,31.0,21,2,160.0,61.0,68.0,19.0,118.0,75.0,13.3,35.0,7190,high
12.6,26.0,39,1,134.0,58.0,68.0,20.0,115.0,60.0,10.3,30.0,7205,low
8.4,26.0,18,1,174.0,60.0,92.0,14.0,122.0,65.0,10.1,30.0,7206,high
13.3,35.0,21,2,160.0,59.0,68.0,17.0,112.0,67.0,12.6,39.0,7220,low
11.6,24.0,18,2,172.0,51.0,88.0,14.0,119.0,66.0,11.9,28.0,7222,high
10.1,29.0,38,2,139.0,62.0,64.0,17.0,113.0,74.0,11.6,33.0,7223,high
12.6,28.0,18,2,119.0,58.0,65.0,21.0,111.0,65.0,13.0,32.0,7225,low
10.3,16.0,31,3,160.0,47.0,72.0,20.0,110.0,70.0,10.8,26.0,7226,high
11.0,32.0,21,3,139.0,63.0,72.0,20.0,110.0,70.0,10.9,38.0,7227,high
12.1,27.0,21,2,120.0,64.0,71.0,19.0,112.0,67.0,13.3,35.0,7230,high
12.6,25.0,24,2,172.0,57.0,68.0,17.0,115.0,62.0,13.1,29.0,7231,low
12.0,19.0,31,2,167.0,80.0,72.0,20.0,110.0,70.0,11.2,27.0,7239,low
10.9,30.0,36,6,153.0,71.0,79.0,,126.0,63.0,11.0,37.0,7241,high
11.0,29.0,29,4,152.0,56.0,116.0,,138.0,56.0,10.8,38.0,7243,high
10.8,26.0,24,2,152.0,64.0,76.0,,126.0,61.0,10.2,35.0,7245,high
10.6,27.0,18,1,151.0,54.0,73.0,,124.0,67.0,10.3,33.0,7246,high
8.8,21.0,20,1,152.0,53.0,98.0,,113.0,61.0,10.8,27.0,7247,high
10.7,28.0,38,6,149.4,55.0,77.0,,126.0,54.0,10.3,36.0,7248,high
9.8,26.0,27,2,153.0,60.0,112.0,,128.0,62.0,10.2,31.0,7249,high
10.3,27.0,23,3,152.0,67.0,106.0,,138.0,50.0,10.3,33.0,7250,high
9.9,20.0,20,1,149.4,49.4,89.0,,101.0,49.0,9.8,28.0,7251,high
9.7,22.0,23,1,152.0,53.0,67.0,,118.0,58.0,10.0,26.0,7252,high
10.6,24.0,26,2,153.0,59.0,89.0,,118.0,60.0,11.2,30.0,7254,high
10.8,25.0,21,1,149.3,61.0,73.0,,126.0,61.0,10.3,29.0,7255,high
10.8,23.0,23,1,149.9,52.0,76.0,,128.0,60.0,9.8,31.0,7256,high
10.3,29.0,25,1,152.0,50.0,78.0,,118.0,59.0,10.3,34.0,7257,high
10.3,29.0,26,2,152.0,52.0,99.0,,127.0,57.0,11.0,34.0,7258,high
10.8,28.0,28,3,151.6,53.0,89.0,,113.0,50.0,10.3,39.0,7260,high
16.0,26.0,32,2,179.0,52.0,,,110.0,70.0,9.7,32.0,7262,low
10.8,20.0,29,2,154.0,60.0,72.0,16.0,98.0,55.0,10.0,28.0,7264,high
10.0,22.0,25,2,154.0,55.0,68.0,16.0,100.0,60.0,11.0,28.0,7265,high
10.0,20.0,23,3,152.0,60.0,72.0,22.0,100.0,60.0,11.0,26.0,7267,high
11.0,20.0,25,3,152.0,56.0,76.0,16.0,100.0,60.0,12.0,28.0,7269,high
11.2,16.0,28,2,162.0,55.0,72.0,20.0,100.0,60.0,12.7,26.0,7270,high
11.2,20.0,28,3,156.0,56.0,72.0,16.0,100.0,60.0,10.8,26.0,7271,high
11.6,28.0,39,2,123.0,61.0,76.0,16.0,114.0,63.0,12.1,32.0,7285,high
12.1,24.0,25,2,130.0,57.0,61.0,17.0,117.0,65.0,12.8,28.0,7286,high
12.6,25.0,21,2,140.0,60.0,67.0,22.0,115.0,65.0,12.1,29.0,7288,high
12.6,28.0,28,2,130.0,61.0,71.0,21.0,115.0,77.0,12.1,32.0,7291,high
12.1,31.0,24,2,145.0,59.0,76.0,19.0,113.0,74.0,11.6,35.0,7292,high
11.2,24.0,18,2,146.0,50.0,70.0,19.0,120.0,70.0,11.7,28.0,7293,high
11.0,23.0,20,3,178.0,51.0,76.0,19.0,120.0,70.0,11.2,28.0,7295,high
12.6,32.0,18,2,140.0,58.0,63.0,16.0,113.0,74.0,13.3,36.0,7296,high
12.2,30.0,19,3,151.0,60.0,70.0,20.0,110.0,70.0,12.0,33.0,7297,low
11.2,28.0,24,3,156.0,60.0,70.0,18.0,100.0,60.0,11.8,31.0,7303,high
11.2,24.0,16,1,153.0,49.0,68.0,20.0,110.0,70.0,10.8,28.0,7305,high
11.0,26.0,23,2,135.0,65.0,68.0,20.0,115.0,60.0,11.2,30.0,7307,high
10.3,28.0,24,2,150.0,54.0,76.0,18.0,110.0,70.0,11.0,32.0,7308,high
11.2,25.0,26,3,144.0,61.0,80.0,20.0,100.0,60.0,10.3,30.0,7311,high
11.2,20.0,30,3,146.0,59.0,68.0,18.0,100.0,60.0,12.2,28.0,7314,high
8.7,34.0,29,2,137.0,52.0,78.0,18.0,100.0,70.0,8.4,36.0,7316,high
13.3,30.0,36,2,149.0,59.0,76.0,17.0,113.0,74.0,12.6,34.0,7318,high
10.8,30.0,41,7,153.0,54.0,88.0,,126.0,61.0,10.3,35.0,7321,high
10.3,29.0,27,3,153.0,56.0,77.0,,118.0,63.0,10.0,33.0,7322,high
9.8,26.0,21,1,153.0,57.0,102.0,,113.0,55.0,10.3,32.0,7323,high
10.3,22.0,25,2,152.0,60.0,107.0,,112.0,65.0,10.4,28.0,7324,high
9.9,31.0,27,4,152.0,51.0,79.0,,127.0,61.0,10.3,37.0,7325,high
11.0,31.0,37,6,153.0,65.0,102.0,,112.0,70.0,10.0,39.0,7326,high
10.0,28.0,35,5,153.0,56.0,102.0,,123.0,70.0,11.0,34.0,7328,high
9.7,27.0,22,1,153.0,66.0,102.0,,112.0,70.0,11.0,33.0,7330,high
10.0,22.0,20,1,149.0,53.0,77.0,,122.0,65.0,10.0,33.0,7332,high
10.2,29.0,36,4,152.0,55.0,65.0,,124.0,65.0,10.0,37.0,7333,high
10.0,20.0,21,1,152.0,49.0,102.0,,121.0,49.0,10.0,27.0,7334,high
10.0,26.0,28,3,149.0,70.0,102.0,,127.0,53.0,11.0,32.0,7335,high
10.0,26.0,26,2,153.0,57.0,102.0,,101.0,62.0,10.0,34.0,7336,high
10.0,29.0,33,4,153.0,63.0,91.0,,107.0,61.0,9.7,34.0,7342,high
10.0,27.0,30,2,153.0,59.0,119.0,,103.0,54.0,10.0,31.0,7343,high
11.0,26.0,33,2,153.0,58.0,102.0,,120.0,60.0,10.0,30.0,7344,high
11.0,26.0,24,1,153.0,61.0,102.0,,100.0,60.0,10.0,31.0,7346,high
10.0,29.0,32,3,153.0,56.0,99.0,,120.0,60.0,11.0,35.0,7348,high
9.7,27.0,21,1,155.0,53.0,122.0,,100.0,60.0,10.0,33.0,7352,high
9.7,26.0,37,5,150.2,54.0,74.0,,134.0,67.0,10.0,34.0,7353,high
9.8,30.0,24,2,149.8,52.0,79.0,,106.0,55.0,10.3,38.0,7355,high
10.4,23.0,22,1,153.0,49.0,77.0,,110.0,54.0,10.2,31.0,7356,high
10.3,25.0,24,1,154.0,52.0,84.0,,134.0,62.0,10.3,34.0,7358,high
10.4,27.0,23,2,153.0,54.0,79.0,,123.0,67.0,10.3,37.0,7359,high
10.3,22.0,19,1,154.0,52.0,79.0,,134.0,66.0,9.5,33.0,7360,high
10.7,32.0,35,6,152.0,58.0,111.0,,134.0,63.0,10.3,39.0,7361,high
11.0,27.0,20,2,130.0,53.0,70.0,18.0,120.0,70.0,11.2,31.0,7363,high
12.2,26.0,40,2,167.0,69.0,68.0,20.0,115.0,60.0,11.2,30.0,7364,low
11.2,20.0,19,2,170.0,48.0,68.0,20.0,120.0,67.0,10.3,24.0,7365,high
13.2,32.0,25,2,160.0,62.0,76.0,19.0,113.0,74.0,13.5,36.0,7369,low
12.1,33.0,38,2,160.0,61.0,76.0,17.0,112.0,67.0,14.2,37.0,7371,low
13.6,31.0,17,2,160.0,57.0,76.0,16.0,113.0,74.0,13.8,36.0,7372,low
13.3,32.0,19,2,160.0,59.0,71.0,21.0,116.0,67.0,13.3,36.0,7373,low
12.4,19.0,22,3,141.0,56.0,,,115.0,72.0,13.0,27.0,7378,low
13.6,10.0,21,1,170.0,58.0,74.0,,112.0,82.0,12.3,18.0,7379,low
12.0,26.0,27,1,142.0,54.0,78.0,14.0,122.0,81.0,11.1,30.0,7400,low
10.0,20.0,32,1,157.0,53.0,80.0,20.0,110.0,70.0,11.2,24.0,7407,high
13.0,17.0,28,1,143.0,49.0,,,,,13.5,21.0,7416,low
13.3,17.0,26,1,153.0,68.0,72.0,20.0,100.0,60.0,10.3,23.0,7422,low
10.3,20.0,41,3,180.0,85.0,72.0,20.0,100.0,60.0,11.2,28.0,7424,high
11.0,16.0,21,1,150.0,45.0,,16.0,100.0,60.0,11.0,20.0,7429,high
8.7,24.0,36,1,137.0,52.0,72.0,20.0,110.0,70.0,10.3,28.0,7431,high
11.2,16.0,36,1,170.0,62.0,72.0,16.0,110.0,70.0,10.3,22.0,7440,high
10.2,16.0,26,3,131.0,37.0,72.0,16.0,100.0,60.0,11.9,20.0,7441,high
11.0,21.0,25,3,150.0,73.0,72.0,20.0,110.0,70.0,12.0,25.0,7446,high
12.0,14.0,25,3,179.0,76.0,72.0,16.0,110.0,70.0,11.0,30.0,7448,low
10.3,24.0,22,1,180.0,48.0,72.0,20.0,110.0,70.0,10.3,28.0,7451,high
11.0,20.0,30,1,149.0,75.0,72.0,18.0,110.0,70.0,10.3,28.0,7452,high
10.5,20.0,21,2,166.0,47.0,72.0,16.0,100.0,60.0,10.8,30.0,7454,high
13.0,20.0,20,1,136.0,46.0,72.0,16.0,110.0,70.0,10.8,29.0,7459,low
9.5,21.0,21,1,153.0,46.0,72.0,20.0,110.0,70.0,8.9,25.0,7461,high
13.0,20.0,33,3,136.0,46.0,74.0,20.0,100.0,60.0,12.0,32.0,7462,low
11.0,24.0,24,2,174.0,50.0,80.0,20.0,113.0,73.0,10.8,32.0,7468,high
12.7,15.0,24,1,155.0,59.0,98.0,,127.0,60.0,14.2,19.0,7481,low
12.8,11.0,34,3,168.0,86.0,86.0,,113.0,70.0,12.0,19.0,7485,low
12.5,15.0,29,2,155.0,63.0,86.0,,110.0,70.0,13.5,21.0,7494,high
12.1,26.0,25,2,160.0,61.0,64.0,17.0,111.0,65.0,12.6,30.0,7506,low
12.1,28.0,18,2,160.0,56.0,76.0,16.0,113.0,74.0,13.6,32.0,7507,low
12.1,32.0,36,2,160.0,64.0,65.0,17.0,114.0,63.0,12.6,36.0,7512,low
12.1,33.0,21,2,160.0,58.0,68.0,16.0,113.0,74.0,12.6,37.0,7516,low
12.1,33.0,21,2,160.0,58.0,68.0,16.0,113.0,74.0,12.6,37.0,7517,low
13.3,33.0,21,2,160.0,59.0,68.0,17.0,118.0,77.0,12.6,37.0,7523,low
11.7,11.0,22,2,160.0,68.6,89.0,,114.0,61.0,10.5,19.0,7539,high
12.1,13.0,25,3,178.0,65.0,74.0,,110.0,60.0,13.0,21.0,7549,low
10.8,26.0,18,3,167.0,52.0,76.0,18.0,110.0,70.0,11.3,30.0,7564,high
12.7,12.0,19,2,173.0,55.0,82.0,,105.0,67.0,13.6,20.0,7578,low
12.0,4.0,24,1,150.0,58.0,82.0,,104.0,64.0,12.5,12.0,7585,low
12.9,22.0,22,1,150.0,68.0,70.0,,116.0,69.0,12.9,28.0,7590,low
12.1,32.0,31,2,160.0,60.0,76.0,17.0,111.0,65.0,13.3,36.0,7605,low
12.6,28.0,27,2,160.0,59.0,76.0,16.0,115.0,65.0,11.4,32.0,7606,low
10.1,28.0,19,2,160.0,57.0,76.0,17.0,114.0,63.0,11.6,32.0,7609,high
11.2,27.0,22,2,164.0,53.0,76.0,20.0,120.0,70.0,10.3,31.0,7610,high
12.2,28.0,32,3,151.0,63.0,80.0,18.0,100.0,60.0,10.8,32.0,7611,low
11.0,24.0,21,1,144.0,69.0,76.0,20.0,114.0,67.0,11.2,30.0,7612,high
10.3,29.0,17,2,146.0,53.0,70.0,18.0,110.0,70.0,10.8,32.0,7613,high
9.8,31.0,39,2,163.0,59.0,92.0,14.0,120.0,70.0,10.1,34.0,7617,high
8.4,31.0,38,1,145.0,86.0,78.0,16.0,95.0,71.0,9.2,36.0,7619,high
13.3,29.0,19,2,160.0,57.0,76.0,17.0,114.0,63.0,13.6,33.0,7620,low
12.1,32.0,21,2,160.0,58.0,68.0,17.0,112.0,65.0,11.6,36.0,7622,low
12.1,28.0,26,2,160.0,59.0,76.0,19.0,112.0,67.0,12.6,32.0,7624,low
13.0,22.0,36,1,155.0,68.0,78.0,16.0,110.0,80.0,13.6,35.0,7633,high
12.0,10.0,40,3,169.0,68.0,76.0,16.0,110.0,70.0,12.4,18.0,7661,low
12.0,18.0,20,1,170.0,49.0,72.0,16.0,110.0,70.0,11.0,22.0,7662,low
11.0,18.0,21,2,138.0,52.0,74.0,18.0,110.0,70.0,10.3,22.0,7663,high
11.0,18.0,19,2,164.0,46.0,72.0,16.0,100.0,60.0,12.0,22.0,7664,high
12.0,15.0,38,3,144.0,81.0,72.0,20.0,100.0,60.0,11.0,19.0,7665,low
10.5,17.0,42,1,133.0,59.0,74.0,20.0,110.0,70.0,9.7,21.0,7666,high
9.5,13.0,26,3,146.0,44.0,72.0,18.0,110.0,70.0,9.5,19.0,7668,high
12.0,18.0,25,3,163.0,56.0,72.0,16.0,110.0,70.0,12.0,26.0,7669,low
12.0,14.0,25,1,180.0,74.0,72.0,16.0,100.0,60.0,12.3,20.0,7670,low
11.2,20.0,31,1,157.0,79.0,80.0,20.0,100.0,60.0,11.2,24.0,7671,high
10.8,16.0,19,2,173.0,52.0,72.0,20.0,90.0,65.0,10.8,22.0,7672,high
11.2,14.0,18,2,168.0,52.0,72.0,20.0,100.0,60.0,12.7,28.0,7673,high
12.0,19.0,29,2,133.0,58.0,72.0,16.0,110.0,70.0,12.0,22.0,7674,low
13.8,20.0,20,2,174.0,58.0,72.0,16.0,110.0,70.0,10.6,28.0,7675,low
10.3,14.0,18,2,150.0,53.0,72.0,16.0,100.0,60.0,11.0,26.0,7676,high
10.3,28.0,30,2,174.0,69.0,72.0,16.0,110.0,70.0,10.2,34.0,7677,high
13.3,19.0,19,2,139.0,47.0,72.0,16.0,100.0,60.0,10.3,27.0,7678,low
9.8,21.0,22,1,164.0,62.0,78.0,14.0,125.0,80.0,9.4,28.0,7704,high
8.5,24.0,24,2,163.0,44.0,91.0,22.0,114.0,66.0,6.0,28.0,7706,high
10.3,24.0,30,1,140.0,58.0,77.0,21.0,117.0,65.0,10.1,28.0,7707,high
8.2,24.0,24,1,146.0,63.0,90.0,,125.0,67.0,10.3,28.0,7713,high
8.0,26.0,34,2,165.0,54.0,78.0,14.0,122.0,70.0,8.1,30.0,7717,high
11.2,24.0,26,5,154.0,61.4,70.0,20.0,110.0,70.0,10.8,28.0,7723,high
11.0,25.0,30,3,153.0,58.0,72.0,18.0,100.0,60.0,12.0,30.0,7725,high
11.8,33.0,16,1,156.0,62.0,,,124.0,80.0,13.0,37.0,7744,high
10.3,22.0,17,1,153.0,48.7,70.0,19.0,100.0,60.0,11.2,30.0,7749,high
12.0,20.0,18,1,152.0,61.0,74.0,16.0,100.0,60.0,9.8,24.0,7750,low
11.0,15.0,29,3,154.0,42.0,72.0,20.0,100.0,60.0,10.8,20.0,7751,high
10.3,16.0,29,4,156.0,52.0,74.0,16.0,100.0,60.0,10.3,24.0,7752,high
7.7,20.0,26,3,152.0,47.0,72.0,16.0,100.0,60.0,10.8,24.0,7753,high
10.3,29.0,33,5,149.6,53.0,79.0,,134.0,65.0,10.1,34.0,7756,high
10.5,31.0,39,5,153.0,50.0,79.0,,134.0,56.0,10.4,37.0,7757,high
10.0,28.0,32,3,153.0,51.0,99.0,,124.0,65.0,10.4,35.0,7758,high
9.5,29.0,25,3,153.0,61.0,78.0,,134.0,67.0,10.1,34.0,7759,high
10.2,30.0,25,2,156.0,58.0,79.0,,129.0,69.0,10.3,37.0,7760,high
10.0,29.0,37,5,152.0,71.0,108.0,,126.0,51.0,9.8,35.0,7761,high
10.3,28.0,28,4,153.0,67.0,79.0,,133.0,61.0,10.3,36.0,7762,high
11.0,25.0,30,3,152.0,56.0,102.0,,134.0,86.0,9.8,30.0,7763,high
10.0,21.0,21,2,153.0,49.0,119.0,,126.0,73.0,9.8,27.0,7764,high
11.2,30.0,24,3,149.1,51.0,102.0,,123.0,65.0,11.0,34.0,7765,high
11.0,19.0,19,1,153.0,59.0,102.0,,103.0,49.0,9.0,27.0,7767,high
11.0,22.0,29,4,153.1,54.0,102.0,,135.0,56.0,11.2,29.0,7768,high
11.2,22.0,24,2,153.0,52.0,102.0,,134.0,86.0,11.0,37.0,7769,high
10.1,12.0,23,3,151.0,71.0,102.0,,135.0,62.0,11.0,30.0,7770,high
11.2,36.0,28,6,170.0,107.0,92.0,16.0,131.0,66.0,11.2,40.0,7773,high
8.0,28.0,15,1,162.0,60.5,83.0,18.0,124.0,77.0,8.5,34.0,7798,high
12.2,29.0,11,1,155.0,56.0,68.0,16.0,116.0,63.0,13.3,33.0,7800,low
10.3,32.0,36,7,160.0,62.5,70.0,19.0,115.0,60.0,11.4,36.0,7801,high
10.3,20.0,32,7,157.0,67.2,70.0,20.0,100.0,60.0,10.3,24.0,7803,high
12.2,26.0,18,1,150.0,51.5,76.0,19.0,115.0,60.0,11.2,30.0,7804,low
13.0,24.0,20,1,157.0,68.0,,,123.0,79.0,13.0,30.0,7820,low
10.5,24.0,20,1,156.0,55.0,,,113.0,66.0,12.0,30.0,7821,high
10.3,22.0,20,1,154.0,52.0,72.0,20.0,100.0,60.0,10.3,27.0,7829,high
11.0,15.0,38,1,154.0,63.0,72.0,16.0,100.0,60.0,11.0,23.0,7830,high
11.2,16.0,20,1,156.0,58.0,72.0,20.0,100.0,60.0,11.0,26.0,7831,high
10.2,17.0,40,6,158.0,65.0,72.0,20.0,112.0,60.0,13.0,27.0,7832,high
13.0,20.0,22,3,154.0,59.0,72.0,16.0,100.0,60.0,13.3,31.0,7833,low
10.3,20.0,20,1,153.0,58.0,72.0,16.0,100.0,60.0,10.5,27.0,7834,high
11.0,22.0,27,4,157.0,51.0,70.0,19.0,120.0,70.0,11.2,28.0,7841,high
11.2,24.0,18,1,156.0,50.0,80.0,20.0,100.0,60.0,12.2,28.0,7844,high
11.2,28.0,19,1,157.0,52.0,70.0,20.0,110.0,70.0,11.0,33.0,7863,high
11.2,28.0,19,1,153.0,49.1,76.0,20.0,100.0,60.0,11.0,30.0,7873,high
12.2,30.0,27,3,157.0,60.0,70.0,20.0,122.0,68.0,11.2,34.0,7874,low
11.2,28.0,44,9,157.0,74.6,76.0,19.0,120.0,70.0,11.0,32.0,7877,high
10.3,24.0,19,2,154.0,57.3,68.0,20.0,115.0,60.0,10.8,28.0,7879,high
11.2,26.0,18,1,156.0,51.0,70.0,19.0,107.0,60.0,11.2,30.0,7880,high
11.2,30.0,36,5,156.0,63.5,76.0,20.0,109.0,60.0,11.2,34.0,7881,high
11.2,32.0,34,7,154.0,64.0,70.0,20.0,115.0,60.0,11.0,36.0,7882,high
11.2,25.0,19,1,152.0,45.4,68.0,19.0,120.0,70.0,11.0,30.0,7883,high
11.0,30.0,20,4,158.0,56.0,76.0,20.0,100.0,60.0,11.2,35.0,7884,high
13.0,16.0,41,8,156.0,46.0,70.0,18.0,115.0,60.0,11.2,22.0,7886,high
11.0,28.0,18,1,157.0,53.0,80.0,20.0,115.0,60.0,11.0,32.0,7904,high
11.0,26.0,21,2,153.0,52.1,80.0,20.0,110.0,70.0,11.2,30.0,7909,high
11.2,30.0,19,2,150.0,62.5,70.0,19.0,120.0,70.0,10.8,36.0,7915,high
10.8,24.0,24,2,159.0,56.5,68.0,20.0,100.0,60.0,11.0,28.0,7920,high
11.0,22.0,23,1,152.0,53.0,102.0,,133.0,56.0,11.0,34.0,7929,high
9.0,23.0,21,1,151.0,48.0,102.0,19.0,103.0,49.0,10.1,33.0,7930,high
9.7,24.0,21,4,152.0,65.0,102.0,,123.0,76.0,10.1,31.0,7931,high
11.0,28.0,23,3,153.0,61.0,102.0,,122.0,73.0,11.0,33.0,7932,high
11.0,28.0,34,5,152.0,65.0,102.0,,123.0,64.0,11.2,32.0,7933,high
9.7,24.0,21,2,153.0,59.0,99.0,,124.0,65.0,9.7,28.0,7934,high
11.0,24.0,30,4,152.0,56.0,102.0,23.0,138.0,49.0,11.2,31.0,7935,high
10.05,22.0,39,6,152.0,67.0,77.0,,124.0,67.0,10.8,28.0,7936,high
11.0,20.0,25,1,153.0,51.0,76.0,,138.0,49.0,10.8,31.0,7937,high
9.8,21.0,27,3,153.0,57.0,66.0,,90.0,49.0,10.3,27.0,7938,high
11.0,30.0,21,1,153.0,62.0,73.0,,99.0,77.0,10.2,37.0,7939,high
10.3,24.0,24,3,154.0,54.0,100.0,,102.0,64.0,10.3,29.0,7940,high
10.3,20.0,25,1,153.0,51.0,78.0,,105.0,66.0,10.6,31.0,7941,high
10.4,20.0,27,2,153.0,48.0,102.0,,138.0,65.0,10.8,27.0,7942,high
10.8,20.0,32,2,152.0,54.0,77.0,,124.0,67.0,10.8,28.0,7943,high
10.8,26.0,20,2,149.0,55.0,73.0,,125.0,63.0,11.0,30.0,7944,high
9.4,23.0,18,1,153.0,49.0,102.0,,113.0,50.0,10.3,32.0,7945,high
9.7,25.0,24,2,154.0,48.0,89.0,,123.0,61.0,10.3,30.0,7946,high
10.1,25.0,24,5,152.0,53.0,73.0,,128.0,65.0,11.0,33.0,7947,high
11.0,22.0,25,3,153.0,49.0,65.0,,133.0,86.0,9.7,27.0,7949,high
11.0,22.0,27,3,152.0,54.0,102.0,,112.0,70.0,11.0,26.0,7950,high
11.0,24.0,22,2,148.0,55.0,102.0,,124.0,66.0,9.8,29.0,7951,high
10.0,27.0,25,3,149.0,72.0,102.0,,125.0,66.0,10.9,31.0,7952,high
10.4,19.0,17,1,154.0,56.0,77.0,,129.0,67.0,9.8,23.0,7954,high
10.3,16.0,19,1,157.0,61.0,89.0,,124.0,67.0,10.3,20.0,7955,high
9.8,25.0,26,2,154.0,53.0,84.0,,123.0,67.0,10.4,30.0,7956,high
9.8,23.0,26,2,156.0,47.0,74.0,,134.0,67.0,10.4,28.0,7957,high
9.5,29.0,22,2,155.0,53.0,84.0,,134.0,67.0,9.8,34.0,7959,high
10.4,28.0,23,2,154.0,48.0,99.0,,123.0,67.0,10.4,33.0,7960,high
10.7,24.0,42,6,154.0,56.0,98.0,,139.0,67.0,10.3,32.0,7962,high
9.8,25.0,29,2,150.0,54.0,98.0,,123.0,67.0,10.3,31.0,7963,high
9.8,31.0,30,4,156.0,66.0,84.0,,123.0,67.0,10.3,38.0,7964,high
9.8,18.0,23,2,153.0,63.0,75.0,,127.0,67.0,10.7,26.0,7965,high
10.4,20.0,29,2,153.0,62.0,79.0,,122.0,67.0,9.8,28.0,7966,high
9.8,14.0,30,4,154.0,61.0,98.0,,132.0,67.0,9.5,23.0,7967,high
10.3,29.0,31,4,156.0,49.0,99.0,,129.0,67.0,10.4,36.0,7968,high
9.8,27.0,24,2,156.0,56.0,77.0,,131.0,67.0,9.8,32.0,7969,high
10.3,22.0,28,2,154.0,52.0,79.0,,134.0,67.0,9.8,27.0,7970,high
10.3,22.0,21,1,153.0,56.0,77.0,,129.0,67.0,10.3,26.0,7971,high
10.3,22.0,23,2,153.0,66.0,79.0,,126.0,61.0,9.8,30.0,7972,high
10.1,19.0,37,4,154.0,51.0,76.0,,118.0,60.0,11.0,28.0,7973,high
10.8,25.0,35,5,154.0,60.0,76.0,,126.0,61.0,10.8,30.0,7974,high
10.6,20.0,21,3,156.0,54.0,99.0,,126.0,61.0,10.8,28.0,7975,high
10.6,21.0,27,3,153.0,55.0,89.0,,118.0,60.0,10.1,31.0,7976,high
9.8,21.0,31,6,156.0,66.0,77.0,,123.0,88.0,10.6,26.0,7977,high
10.3,19.0,50,4,157.0,67.0,79.0,,154.0,99.0,11.0,24.0,7978,high
10.8,22.0,23,2,151.0,70.0,73.0,,126.0,61.0,10.3,27.0,7979,high
10.1,28.0,33,5,153.0,55.0,77.0,,126.0,61.0,10.3,33.0,7980,high
9.8,21.0,11,2,154.0,55.0,99.0,,126.0,61.0,10.8,32.0,7981,high
10.3,20.0,28,2,154.0,66.0,73.0,,118.0,60.0,10.3,28.0,7982,high
9.8,18.0,36,6,149.0,49.0,99.0,,118.0,60.0,10.2,26.0,7983,high
11.0,21.0,36,6,156.0,52.0,76.0,,118.0,60.0,10.8,34.0,7984,high
10.1,27.0,18,1,153.0,50.0,76.0,,118.0,60.0,10.8,33.0,7985,high
9.8,30.0,23,2,153.0,56.0,77.0,,123.0,67.0,10.1,36.0,7986,high
10.8,23.0,36,4,154.0,62.0,89.0,,123.0,88.0,10.3,28.0,7988,high
11.3,26.0,37,5,153.0,51.0,77.0,,118.0,60.0,10.9,31.0,7989,high
9.8,22.0,32,3,153.0,54.0,73.0,,133.0,83.0,10.1,32.0,7990,high
10.8,29.0,23,4,153.0,70.0,99.0,,113.0,60.0,10.5,36.0,7991,high
9.9,18.0,19,2,128.0,73.0,92.0,16.0,123.0,65.0,9.9,22.0,7993,high
8.2,20.0,19,1,156.0,46.0,68.0,20.0,115.0,60.0,7.2,24.0,8008,high
11.0,25.0,35,4,158.0,92.0,72.0,16.0,100.0,60.0,10.8,30.0,8030,high
10.3,19.0,37,3,154.0,65.0,74.0,20.0,100.0,60.0,11.0,26.0,8033,high
10.3,28.0,22,2,156.0,52.0,72.0,16.0,98.0,58.0,10.3,34.0,8035,high
12.0,21.0,22,1,156.0,72.0,72.0,18.0,100.0,60.0,11.0,25.0,8037,high
12.7,16.0,40,5,158.0,67.0,72.0,16.0,90.0,65.0,11.2,20.0,8051,high
10.3,24.0,23,1,154.0,55.0,72.0,20.0,110.0,70.0,11.0,28.0,8052,high
10.8,25.0,45,4,158.0,56.0,72.0,16.0,100.0,60.0,10.3,30.0,8054,high
12.3,12.0,20,1,154.0,50.0,72.0,18.0,100.0,60.0,11.9,31.0,8056,low
11.0,17.0,17,2,153.0,70.0,72.0,16.0,100.0,60.0,12.0,26.0,8060,high
11.5,26.0,25,4,154.0,64.0,74.0,16.0,100.0,60.0,11.0,31.0,8062,high
10.8,13.0,32,5,154.0,81.0,74.0,16.0,100.0,60.0,11.2,22.0,8065,high
10.0,31.0,34,6,152.0,59.0,72.0,16.0,100.0,60.0,10.3,39.0,8067,high
13.0,19.0,39,8,164.0,65.0,,,120.0,70.0,14.0,35.0,8096,high
10.7,20.0,44,10,160.0,74.0,70.0,18.0,122.0,68.0,10.9,28.0,8099,high
10.8,17.0,39,2,154.0,55.0,72.0,20.0,100.0,60.0,11.2,22.0,8101,high
13.1,8.0,25,2,156.0,56.0,72.0,20.0,100.0,60.0,13.1,12.0,8102,low
11.2,16.0,23,1,156.0,58.0,72.0,20.0,100.0,60.0,11.2,20.0,8104,high
9.8,22.0,19,1,155.0,69.0,80.0,20.0,90.0,65.0,10.8,26.0,8114,high
13.1,17.0,19,1,156.0,50.0,72.0,20.0,90.0,65.0,13.1,21.0,8115,low
9.8,22.0,22,1,158.0,60.0,72.0,20.0,100.0,60.0,10.8,26.0,8116,high
10.8,18.0,19,1,152.0,55.0,72.0,20.0,90.0,65.0,9.8,23.0,8117,high
12.7,16.0,37,4,156.0,49.0,72.0,20.0,100.0,60.0,11.2,20.0,8119,low
11.7,29.0,18,4,161.0,61.0,92.0,18.0,113.0,70.0,7.9,36.0,8132,high
10.1,29.0,20,1,162.0,64.0,78.0,14.0,127.0,75.0,10.1,34.0,8146,high
5.8,12.0,37,4,169.0,61.0,98.0,18.0,107.0,70.0,7.8,16.0,8147,high
13.1,16.0,20,1,154.0,43.0,78.0,22.0,100.0,60.0,11.2,24.0,8187,low
13.1,20.0,36,2,152.0,41.0,80.0,16.0,90.0,65.0,13.1,26.0,8188,low
10.8,20.0,28,3,156.0,52.0,72.0,20.0,100.0,60.0,9.8,24.0,8189,high
10.8,20.0,28,4,153.0,51.0,72.0,20.0,90.0,65.0,7.2,24.0,8192,high
9.0,28.0,23,2,172.0,66.0,70.0,16.0,109.0,78.0,8.8,32.0,8197,high
10.2,28.0,23,1,150.0,60.0,70.0,16.0,98.0,56.0,10.1,35.0,8203,high
10.8,26.0,28,2,152.0,58.0,72.0,20.0,100.0,60.0,10.8,30.0,8211,high
11.2,32.0,38,6,154.0,60.0,72.0,20.0,100.0,60.0,12.7,35.0,8212,high
10.8,16.0,26,3,156.0,16.0,72.0,20.0,100.0,60.0,9.8,24.0,8213,high
10.8,31.0,24,1,152.0,54.0,72.0,20.0,100.0,60.0,10.0,34.0,8214,high
11.7,25.0,22,2,154.0,59.0,63.0,17.0,115.0,65.0,12.1,29.0,8234,high
13.7,32.0,24,3,156.0,52.0,68.0,19.0,112.0,67.0,13.9,36.0,8236,high
10.8,28.0,32,5,157.0,58.0,70.0,20.0,120.0,70.0,11.7,32.0,8238,high
10.5,20.0,24,2,156.0,76.0,89.0,22.0,110.0,66.0,10.6,32.0,8241,high
10.5,28.0,22,1,158.0,57.0,72.0,16.0,110.0,66.0,11.5,33.0,8242,high
11.5,21.0,28,3,154.0,65.0,72.0,16.0,110.0,66.0,10.5,26.0,8243,high
11.5,21.0,26,3,154.0,55.0,72.0,16.0,110.0,66.0,11.5,30.0,8244,high
11.5,19.0,17,1,157.0,59.0,72.0,16.0,110.0,66.0,10.5,26.0,8245,high
11.5,21.0,22,2,156.0,68.0,72.0,16.0,110.0,66.0,10.2,24.0,8247,high
10.3,29.0,17,1,152.0,54.0,74.0,16.0,100.0,60.0,11.0,33.0,8248,high
11.0,21.0,23,3,153.0,58.0,72.0,16.0,110.0,70.0,10.3,25.0,8249,high
10.8,26.0,34,3,158.0,73.0,72.0,20.0,100.0,60.0,10.3,30.0,8251,high
11.2,20.0,18,1,153.0,52.0,72.0,16.0,100.0,60.0,10.3,24.0,8252,high
10.5,20.0,17,1,153.0,44.0,72.0,16.0,98.0,67.0,10.3,24.0,8254,high
11.2,24.0,26,2,156.0,50.0,70.0,19.0,100.0,60.0,10.3,34.0,8259,high
8.7,24.0,19,1,156.0,60.0,83.0,18.0,122.0,69.0,9.9,30.0,8282,high
8.4,28.0,18,1,153.0,55.0,83.0,20.0,120.0,66.0,10.3,34.0,8285,high
9.0,28.0,19,1,155.0,56.0,69.0,20.0,100.0,57.0,9.8,36.0,8289,high
7.4,24.0,19,2,159.0,46.0,83.0,18.0,112.0,62.0,9.2,30.0,8290,high
12.0,31.0,18,1,150.0,58.0,70.0,20.0,111.0,49.0,11.0,34.0,8303,low
10.3,25.0,18,1,154.0,56.0,80.0,19.0,110.0,70.0,11.8,31.0,8306,high
10.5,27.0,32,3,156.0,57.9,70.0,18.0,115.0,60.0,11.0,31.0,8307,high
11.0,17.0,24,3,154.0,56.0,68.0,20.0,120.0,70.0,11.2,21.0,8308,high
10.0,20.0,21,1,160.0,40.3,76.0,19.0,115.0,60.0,10.3,26.0,8310,high
11.0,28.0,36,4,157.0,59.5,68.0,20.0,115.0,60.0,12.2,30.0,8311,high
10.3,25.0,23,2,158.0,44.5,68.0,20.0,100.0,60.0,11.0,29.0,8312,high
13.3,20.0,20,1,152.0,43.2,76.0,19.0,130.0,70.0,11.0,23.0,8317,low
11.0,20.0,18,1,157.0,50.0,80.0,19.0,100.0,60.0,10.3,24.0,8324,high
10.6,20.0,11,8,154.0,49.0,91.0,,109.0,55.0,10.0,28.0,8325,high
9.7,14.0,19,1,157.0,48.0,70.0,18.0,120.0,67.0,10.2,18.0,8329,high
11.7,30.0,20,2,160.0,60.5,80.0,19.0,115.0,60.0,11.2,34.0,8330,high
11.9,7.0,22,2,162.0,89.2,68.0,19.0,133.0,80.0,12.0,12.0,8331,high
11.0,28.0,36,8,157.0,67.0,80.0,20.0,120.0,70.0,11.2,35.0,8332,high
12.8,31.0,20,1,159.0,60.0,90.0,18.0,115.0,62.0,10.8,35.0,8343,low
10.3,28.0,44,9,159.0,56.0,76.0,20.0,122.0,70.0,10.2,36.0,8345,high
11.0,26.0,38,6,156.0,68.0,70.0,19.0,120.0,70.0,11.0,32.0,8346,high
10.4,20.0,27,3,156.0,65.0,89.0,,123.0,56.0,10.6,24.0,8348,high
10.6,16.0,35,5,0.0,71.0,77.0,,137.0,66.0,10.1,24.0,8349,high
10.7,14.0,24,3,157.0,67.0,81.0,,124.0,67.0,10.6,23.0,8350,high
9.9,20.0,29,4,161.0,70.0,77.0,,136.0,66.0,10.5,28.0,8351,high
10.7,21.0,30,4,154.0,65.0,86.0,,136.0,66.0,10.8,25.0,8352,high
10.7,24.0,19,1,157.0,48.0,77.0,,112.0,56.0,10.6,28.0,8354,high
10.7,19.0,23,2,156.0,54.0,79.0,,122.0,67.0,10.6,26.0,8355,high
10.7,28.0,29,5,157.0,56.0,72.0,,134.0,66.0,10.6,33.0,8356,high
10.6,27.0,35,3,156.0,62.0,67.0,,112.0,68.0,10.4,32.0,8357,high
10.6,26.0,30,3,151.0,63.0,85.0,,109.0,61.0,10.5,31.0,8358,high
10.3,26.0,22,4,154.0,58.0,77.0,,121.0,56.0,10.2,30.0,8359,high
10.5,20.0,22,2,156.0,66.0,79.0,,127.0,88.0,10.7,26.0,8360,high
11.2,18.0,23,3,153.8,53.0,102.0,,123.0,89.0,11.0,23.0,8361,high
11.4,18.0,18,1,154.0,58.0,112.0,23.0,125.0,64.0,11.0,25.0,8362,high
10.0,22.0,17,1,154.0,53.0,100.0,,126.0,65.0,10.1,31.0,8363,high
10.3,24.0,36,5,153.0,56.0,100.0,,122.0,65.0,10.0,28.0,8364,high
10.0,25.0,25,4,151.0,54.0,100.0,,109.0,55.0,9.0,36.0,8365,high
11.5,24.0,36,3,157.0,60.0,78.0,,110.0,66.0,10.8,32.0,8366,high
11.2,26.0,27,2,171.0,55.0,94.0,18.0,99.0,69.0,11.0,31.0,8378,high
12.0,24.0,27,2,156.0,54.0,74.0,20.0,100.0,60.0,11.0,35.0,8380,low
10.3,20.0,19,3,154.0,47.0,72.0,18.0,100.0,60.0,11.0,28.0,8381,high
12.0,20.0,32,2,157.0,52.0,72.0,16.0,98.0,58.0,11.0,28.0,8382,low
12.0,26.0,22,3,156.0,51.0,72.0,16.0,100.0,60.0,11.0,30.0,8384,low
13.0,24.0,21,1,158.0,52.0,72.0,22.0,100.0,60.0,12.0,28.0,8385,low
11.0,30.0,19,1,156.0,57.0,68.0,22.0,98.0,55.0,11.0,36.0,8386,high
12.0,20.0,31,3,156.0,56.0,68.0,16.0,98.0,55.0,12.0,24.0,8387,low
13.0,27.0,26,5,158.0,53.0,68.0,16.0,100.0,60.0,11.0,31.0,8388,high
10.0,19.0,20,1,156.0,56.0,72.0,16.0,100.0,60.0,11.0,34.0,8389,high
11.2,20.0,32,5,156.0,54.0,76.0,19.0,120.0,70.0,9.2,24.0,8390,high
9.2,16.0,23,2,156.0,50.0,98.0,,108.0,68.0,11.5,24.0,8400,high
9.8,15.0,35,2,160.0,62.0,96.0,,100.0,65.0,10.2,19.0,8409,high
12.4,12.0,20,1,158.0,59.0,,,120.0,80.0,10.9,21.0,8410,low
11.0,12.0,28,4,161.0,57.0,102.0,16.0,100.0,56.0,11.0,16.0,8415,high
9.6,28.0,25,8,167.0,57.0,78.0,14.0,110.0,60.0,8.7,39.0,8420,high
5.7,17.0,26,5,157.0,54.0,64.0,16.0,120.0,87.0,9.4,25.0,8425,high
13.0,7.0,27,2,157.0,67.9,80.0,20.0,115.0,60.0,12.0,13.0,8429,high
10.1,20.0,28,3,159.0,60.0,88.0,16.0,103.0,68.0,9.2,24.0,8431,high
10.4,22.0,19,3,154.0,50.0,68.0,20.0,100.0,60.0,10.2,26.0,8447,high
10.0,24.0,21,2,156.0,49.0,91.0,,112.0,75.0,9.8,28.0,8450,high
11.0,21.0,18,1,154.0,54.0,100.0,,102.0,64.0,10.0,31.0,8451,high
11.0,18.0,20,1,152.0,53.0,100.0,,122.0,64.0,10.0,29.0,8452,high
11.0,27.0,27,4,156.0,55.0,101.0,,128.0,64.0,11.4,32.0,8453,high
10.3,28.0,20,2,154.0,54.0,100.0,,135.0,71.0,10.3,34.0,8454,high
10.3,19.0,28,4,156.0,54.0,101.0,21.0,135.0,75.0,10.3,27.0,8455,high
10.3,22.0,29,4,154.0,53.0,103.0,,122.0,64.0,10.1,36.0,8456,high
11.0,18.0,25,2,152.0,52.0,90.0,,135.0,75.0,10.3,25.0,8457,high
10.0,19.0,37,3,156.0,51.0,99.0,,122.0,65.0,10.3,28.0,8458,high
11.2,22.0,30,5,157.0,48.0,102.0,,103.0,49.0,10.0,30.0,8459,high
10.3,24.0,20,1,153.4,49.0,101.0,,109.0,55.0,9.0,29.0,8460,high
10.0,23.0,26,6,152.5,53.0,91.0,,122.0,64.0,10.3,29.0,8461,high
10.3,26.0,21,2,155.0,56.0,99.0,,102.0,64.0,10.0,31.0,8463,high
10.3,21.0,40,4,158.0,51.0,99.0,,122.0,65.0,10.0,26.0,8464,high
10.0,25.0,24,2,153.0,53.0,100.0,,122.0,65.0,10.3,31.0,8465,high
10.0,22.0,18,1,157.0,54.0,101.0,,109.0,55.0,10.0,29.0,8466,high
11.0,19.0,29,4,152.0,53.0,99.0,,124.0,65.0,10.3,23.0,8467,high
10.3,22.0,35,3,151.0,51.0,100.0,,109.0,55.0,10.0,26.0,8468,high
9.7,28.0,28,3,157.0,53.0,102.0,,112.0,70.0,11.0,32.0,8469,high
10.3,23.0,23,2,154.0,50.0,101.0,,102.0,64.0,10.0,28.0,8470,high
12.1,32.0,25,3,154.0,59.0,68.0,19.0,112.0,67.0,13.3,34.0,8471,low
13.3,32.0,23,2,155.0,61.0,62.0,16.0,114.0,68.0,13.7,36.0,8475,low
10.3,28.0,24,3,150.0,62.0,61.0,19.0,112.0,67.0,12.1,32.0,8477,high
11.2,28.0,34,6,162.0,61.0,74.0,17.0,112.0,67.0,12.0,32.0,8478,high
12.5,31.0,35,4,171.0,80.0,92.0,16.0,120.0,80.0,11.8,36.0,8481,low
10.4,24.0,30,2,154.0,67.0,84.0,,111.0,67.0,10.4,37.0,8482,high
10.3,28.0,34,6,154.0,49.0,84.0,,134.0,67.0,10.4,37.0,8484,high
10.4,21.0,23,2,156.0,48.0,77.0,,123.0,67.0,10.4,37.0,8486,high
10.4,22.0,24,3,152.0,54.0,79.0,,134.0,67.0,9.5,39.0,8487,high
10.4,25.0,27,4,152.1,53.0,84.0,,101.0,64.0,9.5,31.0,8488,high
10.4,27.0,21,3,152.6,51.0,99.0,,123.0,67.0,10.4,36.0,8489,high
10.4,27.0,29,5,153.0,57.0,79.0,,123.0,67.0,10.4,33.0,8490,high
9.5,29.0,28,3,154.0,51.0,94.0,,132.0,67.0,10.4,35.0,8491,high
9.5,20.0,40,3,143.0,54.0,74.0,,123.0,57.0,9.5,32.0,8492,high
10.4,26.0,34,4,155.0,57.0,74.0,,123.0,67.0,10.4,38.0,8493,high
10.4,24.0,28,4,154.0,54.0,74.0,,134.0,67.0,10.4,37.0,8494,high
10.4,23.0,20,2,153.0,53.0,74.0,,123.0,67.0,10.4,38.0,8495,high
10.4,29.0,39,9,153.0,69.0,84.0,,134.0,67.0,10.4,39.0,8496,high
10.4,26.0,30,3,149.0,66.0,79.0,,123.0,67.0,9.8,36.0,8497,high
10.4,17.0,28,4,157.0,66.0,84.0,,134.0,67.0,10.4,30.0,8498,high
10.4,24.0,40,5,153.0,64.0,84.0,,123.0,67.0,10.4,35.0,8499,high
10.3,22.0,24,2,150.3,67.0,79.0,,123.0,67.0,10.4,38.0,8500,high
9.8,29.0,39,5,154.2,56.0,99.0,,123.0,67.0,10.4,35.0,8501,high
10.4,21.0,25,2,154.0,67.0,84.0,,134.0,67.0,10.4,37.0,8502,high
10.4,25.0,26,3,156.0,66.0,74.0,,134.0,67.0,10.1,35.0,8504,high
10.8,21.0,46,6,156.0,52.0,76.0,,118.0,60.0,10.8,27.0,8506,high
10.8,22.0,36,4,155.0,51.0,77.0,,126.0,61.0,9.8,29.0,8508,high
10.8,26.0,22,2,149.0,55.0,73.0,,126.0,61.0,10.1,30.0,8509,high
10.3,21.0,29,2,156.0,55.0,76.0,,124.0,67.0,10.8,34.0,8510,high
8.6,16.0,23,4,168.0,71.0,102.0,20.0,127.0,60.0,6.7,28.0,8511,high
10.8,27.0,25,2,153.0,65.0,73.0,,118.0,60.0,10.8,36.0,8515,high
10.3,27.0,24,2,156.0,54.6,76.0,,126.0,61.0,10.8,32.0,8516,high
10.8,29.0,37,6,154.0,65.0,76.0,,118.0,60.0,10.8,38.0,8517,high
10.8,22.0,30,4,154.0,67.0,73.0,,118.0,60.0,10.8,34.0,8518,high
10.8,21.0,24,1,156.0,56.0,73.0,,126.0,61.0,10.8,38.0,8519,high
10.8,23.0,23,2,154.0,67.0,99.0,,126.0,61.0,11.0,33.0,8520,high
10.8,27.0,24,2,150.0,69.0,76.0,,123.0,88.0,10.3,36.0,8521,high
10.6,28.0,31,3,152.0,65.0,77.0,,118.0,60.0,10.8,36.0,8522,high
9.8,20.0,24,4,154.0,55.0,73.0,,118.0,60.0,10.3,27.0,8523,high
10.8,19.0,37,1,153.0,52.0,79.0,,126.0,61.0,10.8,23.0,8524,high
9.8,20.0,20,2,154.0,67.0,79.0,,126.0,61.0,9.8,27.0,8525,high
10.6,20.0,30,3,149.0,52.0,89.0,,126.0,61.0,10.1,38.0,8526,high
10.6,22.0,37,4,150.0,52.0,79.0,,118.0,60.0,10.1,37.0,8527,high
10.8,22.0,30,4,150.0,56.0,76.0,,126.0,61.0,10.8,37.0,8528,high
11.0,22.0,23,3,156.0,57.0,99.0,,118.0,60.0,10.3,37.0,8529,high
9.8,13.0,28,3,156.0,51.0,89.0,,126.0,61.0,11.0,24.0,8530,high
10.8,16.0,30,4,154.0,58.0,73.0,,126.0,61.0,10.5,37.0,8531,high
10.8,22.0,32,4,156.0,56.0,79.0,,118.0,60.0,10.8,37.0,8532,high
10.3,29.0,31,5,154.0,56.0,76.0,,118.0,60.0,10.8,36.0,8533,high
10.8,20.0,32,4,153.2,55.0,99.0,,118.0,60.0,10.8,30.0,8534,high
10.3,20.0,35,5,153.0,65.0,73.0,,118.0,60.0,10.8,37.0,8535,high
10.1,24.0,21,2,154.0,56.0,84.0,,134.0,67.0,10.1,29.0,8536,high
10.3,22.0,23,1,154.0,54.0,77.0,,123.0,67.0,9.8,28.0,8537,high
10.1,23.0,22,1,153.0,55.0,79.0,,134.0,67.0,10.3,29.0,8538,high
12.7,24.0,21,3,169.0,66.0,88.0,18.0,120.0,60.0,10.8,28.0,8539,low
10.3,19.0,36,6,153.0,67.0,84.0,,123.0,67.0,9.8,26.0,8540,high
10.7,22.0,25,4,150.0,51.0,99.0,,123.0,67.0,10.1,29.0,8541,high
10.4,15.0,30,3,153.0,50.0,77.0,,134.0,67.0,10.4,29.0,8542,high
10.4,19.0,37,8,155.0,54.0,77.0,,134.0,67.0,10.4,25.0,8543,high
10.4,22.0,19,2,153.0,56.0,79.0,,134.0,67.0,9.8,27.0,8544,high
10.4,14.0,35,5,153.0,54.0,79.0,,123.0,67.0,10.4,22.0,8545,high
10.1,19.0,19,2,153.0,56.0,99.0,,134.0,67.0,10.4,25.0,8546,high
9.2,20.0,24,2,156.0,44.0,92.0,,125.0,62.0,10.3,24.0,8548,high
10.1,24.0,24,4,0.0,54.0,72.0,,119.0,69.0,9.3,28.0,8567,high
9.9,23.0,26,2,156.0,55.0,72.0,,107.0,66.0,10.8,27.0,8568,high
13.9,16.0,28,1,157.0,54.0,,,110.0,70.0,13.0,20.0,8593,low
13.5,32.0,18,1,157.0,67.0,97.0,,122.0,76.0,13.0,36.0,8599,low
11.2,30.0,39,5,158.0,63.0,89.0,,108.0,68.0,12.1,34.0,8603,high
10.8,27.0,31,3,158.0,54.0,,,110.0,62.0,12.6,32.0,8642,high
10.9,20.0,17,1,157.0,69.0,70.0,19.0,123.0,72.0,10.7,28.0,8648,high
12.4,24.0,28,3,153.0,49.0,,,110.0,60.0,11.7,28.0,8656,high
9.5,20.0,20,1,160.0,53.0,80.0,20.0,109.0,60.0,9.8,24.0,8669,high
11.0,20.0,19,1,153.0,45.0,76.0,18.0,120.0,70.0,11.4,28.0,8670,high
11.3,16.0,25,3,153.0,82.0,76.0,18.0,115.0,60.0,9.9,20.0,8671,high
12.7,12.0,20,2,160.0,75.0,76.0,,116.0,84.0,11.0,20.0,8672,low
11.0,28.0,24,3,162.0,70.0,69.0,,,,13.1,32.0,8675,high
12.8,12.0,21,2,158.0,53.0,96.0,,98.0,56.0,11.5,20.0,8679,low
11.2,18.0,18,1,154.0,55.0,80.0,20.0,115.0,60.0,11.0,20.0,8681,high
8.5,30.0,17,1,154.0,61.4,92.0,,110.0,70.0,12.1,34.0,8683,high
11.3,12.0,21,2,158.0,50.0,89.0,,113.0,66.0,12.5,19.0,8692,high
11.0,30.0,29,6,156.0,54.0,98.0,18.0,114.0,70.0,11.2,34.0,8704,high
12.5,32.0,28,4,156.0,61.0,98.0,18.0,112.0,69.0,11.0,39.0,8705,low
10.9,15.0,20,1,156.0,47.0,,,,,9.3,24.0,8711,high
11.1,10.0,22,2,156.0,81.0,74.0,,120.0,80.0,13.0,18.0,8728,high
11.7,11.0,20,1,154.0,56.0,79.0,,109.0,51.0,13.0,19.0,8731,high
9.8,29.0,23,1,158.0,60.5,86.0,,112.0,60.0,12.0,34.0,8733,high
11.0,20.0,25,3,158.0,56.0,68.0,16.0,100.0,60.0,10.8,24.0,8736,high
11.4,8.0,23,3,157.0,78.0,98.0,,131.0,63.0,14.3,17.0,8738,high
10.9,18.0,23,1,152.0,46.0,96.0,,117.0,77.0,9.9,27.0,8741,high
11.4,29.0,21,3,159.0,55.8,70.0,19.0,115.0,60.0,12.2,33.0,8745,high
11.0,28.0,11,3,159.0,56.0,76.0,18.0,110.0,70.0,10.3,32.0,8746,high
10.8,28.0,22,3,156.0,60.0,80.0,20.0,115.0,60.0,11.2,32.0,8748,high
11.0,29.0,36,8,160.0,50.0,68.0,20.0,100.0,60.0,13.0,31.0,8753,high
10.9,29.0,31,4,150.0,52.0,70.0,19.0,125.0,66.0,9.8,33.0,8755,high
12.3,28.0,24,1,165.0,80.5,69.0,20.0,126.0,64.0,11.3,32.0,8756,low
10.3,22.0,22,1,155.0,54.0,70.0,20.0,125.0,62.0,10.2,32.0,8776,high
6.8,24.0,30,8,160.0,68.0,100.0,18.0,99.0,58.0,8.3,29.0,8778,high
11.0,21.0,25,2,155.0,52.0,80.0,19.0,101.0,60.0,11.2,25.0,8785,high
10.1,20.0,17,1,153.0,50.1,70.0,18.0,120.0,60.0,10.3,26.0,8786,high
11.2,24.0,20,2,158.0,51.2,80.0,20.0,115.0,60.0,11.8,28.0,8787,high
8.5,24.0,29,5,158.0,52.0,92.0,14.0,106.0,66.0,10.3,32.0,8789,high
12.0,15.0,18,1,157.0,51.2,70.0,18.0,124.0,60.0,11.5,19.0,8796,low
8.0,22.0,20,2,159.0,65.0,102.0,14.0,130.0,70.0,7.9,28.0,8801,high
9.7,24.0,44,8,165.0,59.0,88.0,16.0,115.0,70.0,8.2,28.0,8802,high
11.8,29.0,31,7,159.0,69.0,92.0,14.0,101.0,53.0,9.5,34.0,8803,high
11.4,30.0,23,3,157.0,66.3,80.0,20.0,106.0,60.0,11.5,34.0,8804,high
7.7,32.0,27,5,166.0,59.0,78.0,16.0,112.0,58.0,10.1,36.0,8807,high
10.4,26.0,28,4,157.0,78.0,70.0,20.0,122.0,70.0,11.6,31.0,8809,high
9.3,24.0,17,1,152.0,38.0,70.0,18.0,110.0,70.0,10.0,28.0,8810,high
11.5,20.0,20,1,157.0,63.0,80.0,20.0,100.0,60.0,11.0,26.0,8811,high
